sapServer,usage,databaseServer,programName,activeUsersOfTheProgram,noOfTimesThePgmRunForTheMonth,executionMonth,currentRunningTimeinCPUSeconds,energyConsumptioninMWH,co2EmissioninMG
,PROD,,Y0GBC_ZAR0003,,1,Jan,18,,
,PROD,,Y0GSD_0001,,1,Jan,6393,,
,PROD,,Y0NBC_0001,,1,Jan,34,,
,PROD,,Y0NBC_0004,,1,Jan,12,,
,PROD,,Y0NBC_ZAB0001,,1,Jan,2,,
,PROD,,Y0NBC_ZAR0027,,2,Jan,605,,
,PROD,,Y0NBC_ZAR0028,,3,Jan,319,,
,PROD,,Y0NCO_0013,,1,Jan,9,,
,PROD,,Y0NCO_0017,,1,Jan,914,,
,PROD,,Y0NFI_0002,,1,Jan,27,,
,PROD,,Y0NFI_0003,,1,Jan,9,,
,PROD,,Y0NFI_0006,,1,Jan,7,,
,PROD,,Y0NFI_0008,,1,Jan,58,,
,PROD,,Y0NFI_0009,,1,Jan,4,,
,PROD,,Y0NFI_0010,,1,Jan,3,,
,PROD,,Y0NFI_0013,,1,Jan,2775,,
,PROD,,Y0NFI_0014,,1,Jan,3132,,
,PROD,,Y0NFI_0015,,1,Jan,5,,
,PROD,,Y0NFI_0017,,1,Jan,1,,
,PROD,,Y0NFI_0018,,1,Jan,1,,
,PROD,,Y0NFI_0020,,1,Jan,22,,
,PROD,,Y0NFI_0022,,1,Jan,11,,
,PROD,,Y0NFI_0030,,1,Jan,6,,
,PROD,,Y0NFI_0032,,1,Jan,7,,
,PROD,,Y0NFI_0037,,1,Jan,101,,
,PROD,,Y0NFI_0040,,1,Jan,1,,
,PROD,,Y0NFI_0043,,1,Jan,1,,
,PROD,,Y0NFI_0060,,1,Jan,15,,
,PROD,,Y0NFI_0082,,1,Jan,11,,
,PROD,,Y0NFI_0083,,1,Jan,26,,
,PROD,,Y0NFI_0089,,1,Jan,23,,
,PROD,,Y0NFI_0095,,1,Jan,1,,
,PROD,,Y0NFI_0104,,1,Jan,6830,,
,PROD,,Y0NFI_0106,,1,Jan,91856,,
,PROD,,Y0NFI_0111,,1,Jan,1,,
,PROD,,Y0NFI_0120,,1,Jan,5460,,
,PROD,,Y0NFI_0121,,1,Jan,1921,,
,PROD,,Y0NFI_0122,,1,Jan,3677,,
,PROD,,Y0NFI_0127,,1,Jan,497,,
,PROD,,Y0NFI_0128,,1,Jan,963,,
,PROD,,Y0NFI_0131,,1,Jan,3300,,
,PROD,,Y0NFI_0133,,1,Jan,6906,,
,PROD,,Y0NFI_0139,,1,Jan,2880,,
,PROD,,Y0NFI_0140,,1,Jan,4,,
,PROD,,Y0NFI_0177,,1,Jan,30685,,
,PROD,,Y0NFI_0178,,1,Jan,4,,
,PROD,,Y0NFI_0206,,1,Jan,2,,
,PROD,,Y0NFI_0209,,1,Jan,340,,
,PROD,,Y0NFI_0220,,1,Jan,37742,,
,PROD,,Y0NFI_0226,,1,Jan,1220,,
,PROD,,Y0NFI_0227,,1,Jan,2350,,
,PROD,,Y0NFI_0231,,1,Jan,7,,
,PROD,,Y0NFI_0234,,1,Jan,389,,
,PROD,,Y0NFI_0237,,1,Jan,19,,
,PROD,,Y0NFI_0238,,1,Jan,1,,
,PROD,,Y0NFI_0240,,1,Jan,3825,,
,PROD,,Y0NFI_02401,,1,Jan,2239,,
,PROD,,Y0NFI_0241,,1,Jan,13,,
,PROD,,Y0NFI_0242,,1,Jan,2,,
,PROD,,Y0NFI_0243,,1,Jan,4,,
,PROD,,Y0NFI_02431,,1,Jan,5,,
,PROD,,Y0NFI_0245,,1,Jan,21,,
,PROD,,Y0NFI_0286,,1,Jan,280,,
,PROD,,Y0NFI_0291_COPY,,1,Jan,12,,
,PROD,,Y0NFI_0299,,1,Jan,7,,
,PROD,,Y0NFI_0303,,1,Jan,13,,
,PROD,,Y0NFI_0304,,1,Jan,1,,
,PROD,,Y0NFI_0310,,1,Jan,60,,
,PROD,,Y0NFI_0313,,1,Jan,1,,
,PROD,,Y0NFI_0314,,1,Jan,478,,
,PROD,,Y0NFI_0323,,1,Jan,4478,,
,PROD,,Y0NFI_0330,,1,Jan,41,,
,PROD,,Y0NFI_0331,,1,Jan,430,,
,PROD,,Y0NFI_0332,,1,Jan,2,,
,PROD,,Y0NFI_0336,,1,Jan,35,,
,PROD,,Y0NFI_ZAB0011,,10,Jan,65,,
,PROD,,Y0NFI_ZAB0012,,7,Jan,30,,
,PROD,,Y0NFI_ZAB0013,,28,Jan,290,,
,PROD,,Y0NFI_ZAN0004,,5,Jan,45,,
,PROD,,Y0NFI_ZAN0105,,2,Jan,215,,
,PROD,,Y0NFI_ZAO0003,,1,Jan,2,,
,PROD,,Y0NFI_ZAO0011,,1,Jan,4,,
,PROD,,Y0NFI_ZAO0021,,4,Jan,887,,
,PROD,,Y0NFI_ZAO0023,,3,Jan,2820,,
,PROD,,Y0NFI_ZAO0101,,2,Jan,253,,
,PROD,,Y0NFI_ZAO0110,,2,Jan,5,,
,PROD,,Y0NFI_ZAO0116,,3,Jan,128,,
,PROD,,Y0NFI_ZAO0206,,3,Jan,23,,
,PROD,,Y0NFI_ZAO0212,,1,Jan,59143,,
,PROD,,Y0NFI_ZAO0220,,3,Jan,3,,
,PROD,,Y0NFI_ZAR0001,,2,Jan,425,,
,PROD,,Y0NFI_ZAR0002,,1,Jan,69,,
,PROD,,Y0NFI_ZAR0020,,7,Jan,16752,,
,PROD,,Y0NFI_ZAR0038,,2,Jan,1156,,
,PROD,,Y0NFI_ZAR0040,,17,Jan,153574,,
,PROD,,Y0NFI_ZAR0059,,2,Jan,18573,,
,PROD,,Y0NFI_ZAR0069,,1,Jan,156,,
,PROD,,Y0NFI_ZAR0127,,8,Jan,412,,
,PROD,,Y0NFI_ZAR0128,,7,Jan,352,,
,PROD,,Y0NFI_ZAR0130,,3,Jan,155,,
,PROD,,Y0NFI_ZAR0212,,2,Jan,5616,,
,PROD,,Y0NFI_ZAR0216,,1,Jan,20,,
,PROD,,Y0NFI_ZAR0279,,1,Jan,1,,
,PROD,,Y0NFI_ZAR218_COPY,,2,Jan,36,,
,PROD,,Y0NMM_0004,,1,Jan,2183,,
,PROD,,Y0NMM_0005,,1,Jan,398,,
,PROD,,Y0NMM_0012,,1,Jan,317,,
,PROD,,Y0NMM_0014,,1,Jan,228,,
,PROD,,Y0NMM_0015,,1,Jan,67,,
,PROD,,Y0NMM_0016,,1,Jan,56,,
,PROD,,Y0NMM_0018,,1,Jan,23,,
,PROD,,Y0NMM_0022,,1,Jan,273,,
,PROD,,Y0NMM_0026,,1,Jan,98,,
,PROD,,Y0NMM_0037,,1,Jan,76,,
,PROD,,Y0NMM_0039,,1,Jan,68,,
,PROD,,Y0NMM_0040,,1,Jan,80,,
,PROD,,Y0NMM_0042,,1,Jan,87,,
,PROD,,Y0NMM_0043,,1,Jan,1,,
,PROD,,Y0NMM_0045,,1,Jan,7498,,
,PROD,,Y0NMM_0048,,1,Jan,8,,
,PROD,,Y0NMM_0053,,1,Jan,7488,,
,PROD,,Y0NMM_0056,,1,Jan,99613,,
,PROD,,Y0NMM_0057,,1,Jan,89,,
,PROD,,Y0NMM_0063,,1,Jan,44,,
,PROD,,Y0NMM_0070,,1,Jan,97,,
,PROD,,Y0NMM_0073,,1,Jan,1,,
,PROD,,Y0NMM_0075,,1,Jan,645,,
,PROD,,Y0NMM_0076,,1,Jan,22912,,
,PROD,,Y0NMM_0082,,1,Jan,852,,
,PROD,,Y0NMM_0083,,1,Jan,1602,,
,PROD,,Y0NMM_0085,,1,Jan,112,,
,PROD,,Y0NMM_0086,,1,Jan,17,,
,PROD,,Y0NMM_0088,,1,Jan,17,,
,PROD,,Y0NMM_0089,,1,Jan,1,,
,PROD,,Y0NMM_0095,,1,Jan,3,,
,PROD,,Y0NMM_0105,,1,Jan,631,,
,PROD,,Y0NMM_0106,,1,Jan,7,,
,PROD,,Y0NMM_0109,,1,Jan,27,,
,PROD,,Y0NMM_0110,,1,Jan,5705,,
,PROD,,Y0NMM_0111,,1,Jan,1,,
,PROD,,Y0NMM_0114,,1,Jan,4,,
,PROD,,Y0NMM_0213,,1,Jan,2,,
,PROD,,Y0NMM_0215,,1,Jan,56523,,
,PROD,,Y0NMM_0218,,1,Jan,1,,
,PROD,,Y0NMM_0219,,1,Jan,11,,
,PROD,,Y0NMM_0224,,1,Jan,74,,
,PROD,,Y0NMM_0228,,1,Jan,82,,
,PROD,,Y0NMM_0233,,1,Jan,238,,
,PROD,,Y0NMM_0234,,1,Jan,26,,
,PROD,,Y0NMM_0237,,1,Jan,2,,
,PROD,,Y0NMM_0238,,1,Jan,3,,
,PROD,,Y0NMM_0242,,1,Jan,2,,
,PROD,,Y0NMM_0246,,1,Jan,51,,
,PROD,,Y0NMM_0264,,1,Jan,11,,
,PROD,,Y0NMM_0266,,1,Jan,4,,
,PROD,,Y0NMM_0267,,1,Jan,9,,
,PROD,,Y0NMM_0270,,1,Jan,1,,
,PROD,,Y0NMM_T0103,,1,Jan,15,,
,PROD,,Y0NMM_ZAB0002,,2,Jan,38,,
,PROD,,Y0NMM_ZAC0006=================CP,,1,Jan,37,,
,PROD,,Y0NMM_ZAE0001,,33,Jan,129,,
,PROD,,Y0NMM_ZAE0003,,1,Jan,5,,
,PROD,,Y0NMM_ZAN0001,,10,Jan,25,,
,PROD,,Y0NMM_ZAN0008,,4,Jan,3,,
,PROD,,Y0NMM_ZAO0002,,9,Jan,14,,
,PROD,,Y0NMM_ZAO0003,,9,Jan,170,,
,PROD,,Y0NMM_ZAO0004,,19,Jan,74367,,
,PROD,,Y0NMM_ZAO0005,,6,Jan,27,,
,PROD,,Y0NMM_ZAO0008,,1,Jan,11,,
,PROD,,Y0NMM_ZAO0016,,15,Jan,22,,
,PROD,,Y0NMM_ZAO0017,,17,Jan,78446,,
,PROD,,Y0NMM_ZAO0020,,3,Jan,67,,
,PROD,,Y0NMM_ZAO0021,,3,Jan,1379,,
,PROD,,Y0NMM_ZAO0025,,6,Jan,14185,,
,PROD,,Y0NMM_ZAO0026,,5,Jan,10859,,
,PROD,,Y0NMM_ZAO0027,,15,Jan,8785,,
,PROD,,Y0NMM_ZAO0028,,7,Jan,124,,
,PROD,,Y0NMM_ZAO0029,,8,Jan,166,,
,PROD,,Y0NMM_ZAO0030,,2,Jan,685,,
,PROD,,Y0NMM_ZAO0031,,8,Jan,59,,
,PROD,,Y0NMM_ZAO0032,,2,Jan,23,,
,PROD,,Y0NMM_ZAO0203,,2,Jan,7,,
,PROD,,Y0NMM_ZAR0002,,24,Jan,198,,
,PROD,,Y0NMM_ZAR0014,,1,Jan,2,,
,PROD,,Y0NMM_ZAR0018,,1,Jan,45,,
,PROD,,Y0NMM_ZAR0020,,10,Jan,179244,,
,PROD,,Y0NMM_ZAR0029,,19,Jan,374,,
,PROD,,Y0NMM_ZAR0030,,2,Jan,755,,
,PROD,,Y0NMM_ZAR0031,,1,Jan,105,,
,PROD,,Y0NMM_ZAR0036,,1,Jan,51,,
,PROD,,Y0NMM_ZAR0043,,4,Jan,102,,
,PROD,,Y0NMM_ZAR0210,,3,Jan,2155,,
,PROD,,Y0NMM_ZAR0220,,7,Jan,9663,,
,PROD,,Y0NMM_ZAR0230,,1,Jan,6723,,
,PROD,,Y0NMM_ZAR0233,,2,Jan,33,,
,PROD,,Y0NPR_0001,,1,Jan,307,,
,PROD,,Y0NPR_0002,,1,Jan,795,,
,PROD,,Y0NPR_0003,,1,Jan,2,,
,PROD,,Y0NPR_0013,,1,Jan,307,,
,PROD,,Y0NPR_0014,,1,Jan,43,,
,PROD,,Y0NSD_0012,,1,Jan,28958,,
,PROD,,Y0NSD_0013,,1,Jan,1,,
,PROD,,Y0NSD_0014,,1,Jan,2,,
,PROD,,Y0NSD_0016,,1,Jan,13128,,
,PROD,,Y0NSD_0017,,1,Jan,4965,,
,PROD,,Y0NSD_0019,,1,Jan,6,,
,PROD,,Y0NSD_0029,,1,Jan,6989,,
,PROD,,Y0NSD_0030,,1,Jan,31,,
,PROD,,Y0NSD_0031,,1,Jan,1,,
,PROD,,Y0NSD_0032,,1,Jan,9,,
,PROD,,Y0NSD_0040,,1,Jan,655,,
,PROD,,Y0NSD_0041,,1,Jan,296939,,
,PROD,,Y0NSD_0043,,1,Jan,21,,
,PROD,,Y0NSD_0047,,1,Jan,4694,,
,PROD,,Y0NSD_0051,,1,Jan,19629,,
,PROD,,Y0NSD_0055,,1,Jan,214,,
,PROD,,Y0NSD_0056,,1,Jan,3,,
,PROD,,Y0NSD_0060,,1,Jan,106,,
,PROD,,Y0NSD_0063,,1,Jan,102,,
,PROD,,Y0NSD_0065,,1,Jan,6797,,
,PROD,,Y0NSD_0066,,1,Jan,48,,
,PROD,,Y0NSD_0069,,1,Jan,4,,
,PROD,,Y0NSD_0071,,1,Jan,1,,
,PROD,,Y0NSD_0072,,1,Jan,8750,,
,PROD,,Y0NSD_0077,,1,Jan,15572,,
,PROD,,Y0NSD_0079,,1,Jan,3,,
,PROD,,Y0NSD_0080,,1,Jan,24,,
,PROD,,Y0NSD_0081,,1,Jan,87,,
,PROD,,Y0NSD_0085,,1,Jan,3,,
,PROD,,Y0NSD_0086,,1,Jan,156,,
,PROD,,Y0NSD_0102,,1,Jan,12,,
,PROD,,Y0NSD_0120,,1,Jan,15,,
,PROD,,Y0NSD_0203,,1,Jan,103340,,
,PROD,,Y0NSD_0216,,1,Jan,631,,
,PROD,,Y0NSD_0220,,1,Jan,6,,
,PROD,,Y0NSD_0223,,1,Jan,614,,
,PROD,,Y0NSD_0229,,1,Jan,302,,
,PROD,,Y0NSD_0233,,1,Jan,3702,,
,PROD,,Y0NSD_0234,,1,Jan,258,,
,PROD,,Y0NSD_0235,,1,Jan,17,,
,PROD,,Y0NSD_0236,,1,Jan,12,,
,PROD,,Y0NSD_0240,,1,Jan,5,,
,PROD,,Y0NSD_SD70AV1A,,1,Jan,1002,,
,PROD,,Y0NSD_ZAB0001,,4,Jan,2332,,
,PROD,,Y0NSD_ZAB0007,,7,Jan,34,,
,PROD,,Y0NSD_ZAB0008,,1,Jan,99,,
,PROD,,Y0NSD_ZAB0201,,2,Jan,899,,
,PROD,,Y0NSD_ZAB0202,,4,Jan,729998,,
,PROD,,Y0NSD_ZAB0205,,1,Jan,267,,
,PROD,,Y0NSD_ZAB0206,,1,Jan,133,,
,PROD,,Y0NSD_ZAB0207,,1,Jan,81,,
,PROD,,Y0NSD_ZAD0036,,1,Jan,43,,
,PROD,,Y0NSD_ZAO0001,,11,Jan,7560,,
,PROD,,Y0NSD_ZAO0002,,5,Jan,2,,
,PROD,,Y0NSD_ZAO0005,,6,Jan,31133,,
,PROD,,Y0NSD_ZAO0009,,44,Jan,30361,,
,PROD,,Y0NSD_ZAO0011,,7,Jan,54623,,
,PROD,,Y0NSD_ZAO0012,,1,Jan,38,,
,PROD,,Y0NSD_ZAO0020,,7,Jan,828,,
,PROD,,Y0NSD_ZAO0021,,24,Jan,4092,,
,PROD,,Y0NSD_ZAO0024,,9,Jan,1672,,
,PROD,,Y0NSD_ZAO0035,,5,Jan,5481,,
,PROD,,Y0NSD_ZAO0203,,2,Jan,52,,
,PROD,,Y0NSD_ZAR0002,,6,Jan,23,,
,PROD,,Y0NSD_ZAR0003,,7,Jan,42,,
,PROD,,Y0NSD_ZAR0004,,12,Jan,36989,,
,PROD,,Y0NSD_ZAR0013,,15,Jan,24765,,
,PROD,,Y0NSD_ZAR0023,,5,Jan,7840,,
,PROD,,Y0NSD_ZAR0120,,13,Jan,22452,,
,PROD,,Y0NSD_ZAR0124,,1,Jan,1,,
,PROD,,Y0NSD_ZAR0203,,1,Jan,3996,,
,PROD,,Y0NSD_ZAR0204_1,,2,Jan,79598,,
,PROD,,Y0NSD_ZAR0205,,1,Jan,21,,
,PROD,,Y0NSD_ZAR0234,,1,Jan,287,,
,PROD,,Y0NSD_ZAS0002,,16,Jan,24405,,
,PROD,,Y0NSD_ZAS0003,,9,Jan,17465,,
,PROD,,Y0NVX_0000,,1,Jan,329,,
,PROD,,Y0NVX_0006,,1,Jan,1414,,
,PROD,,Y0NVX_0018,,1,Jan,120315,,
,PROD,,Y0NVX_0020,,1,Jan,13261,,
,PROD,,Y0NVX_0026,,1,Jan,2412,,
,PROD,,Y0NVX_0028,,1,Jan,768,,
,PROD,,Y0NVX_0029,,1,Jan,96,,
,PROD,,Y0NVX_0045,,1,Jan,78,,
,PROD,,Y0NVX_0064,,1,Jan,1079,,
,PROD,,Y0NVX_0068,,1,Jan,1450,,
,PROD,,Y0NVX_0069,,1,Jan,72427,,
,PROD,,Y0NVX_0077,,1,Jan,10,,
,PROD,,Y0NVX_0078,,1,Jan,2,,
,PROD,,Y0NVX_0081,,1,Jan,1235,,
,PROD,,Y0NVX_0084,,1,Jan,857,,
,PROD,,Y0NVX_0090,,1,Jan,2548,,
,PROD,,Y0NVX_0091,,1,Jan,48,,
,PROD,,Y0NVX_0093,,1,Jan,51,,
,PROD,,Y0NVX_0096,,1,Jan,58,,
,PROD,,Y0NVX_0099,,1,Jan,13814,,
,PROD,,Y0NVX_0110,,1,Jan,70,,
,PROD,,Y0NVX_IPPCR_CREATE,,2,Jan,9312,,
,PROD,,Y0NVX_IPPCR_CREATE_PARALLEL,,1,Jan,40,,
,PROD,,Y0NVX_KUL_STATUS,,1,Jan,6,,
,PROD,,Y0NVX_LIL_STATUS,,1,Jan,5,,
,PROD,,Y0NVX_PDL_STATUS,,1,Jan,39,,
,PROD,,Y0NVX_ZAR0016,,1,Jan,1530,,
,PROD,,Y0NVX_ZAR0017,,1,Jan,901,,
,PROD,,Y0NVX_ZAR0049,,1,Jan,4,,
,PROD,,Y0NVX_ZAR0071,,53,Jan,2028,,
,PROD,,Y0NVX_ZAR0072,,1,Jan,131,,
,PROD,,Y0NVX_ZAR0073,,1,Jan,15,,
,PROD,,Y0NVX_ZAR0076,,3,Jan,324,,
,PROD,,Y0NVX_ZAR0081,,1,Jan,6156,,
,PROD,,Y0NVX_ZAR0090,,2,Jan,9,,
,PROD,,Y0NVX_ZAR0093,,2,Jan,4138,,
,PROD,,Y0NVX_ZAR0103,,1,Jan,4108,,
,PROD,,Y0NVX_ZAR0135,,1,Jan,124,,
,PROD,,Y0NVX_ZAR0137,,2,Jan,210,,
,PROD,,Y0NWM_0002,,1,Jan,2346,,
,PROD,,Y0NWM_0002/99/MOBILE.css,,2,Jan,2,,
,PROD,,Y0NWM_0003,,1,Jan,7764,,
,PROD,,Y0NWM_0005,,1,Jan,11,,
,PROD,,Y0NWM_0007,,1,Jan,87,,
,PROD,,Y0NWM_0009,,1,Jan,242,,
,PROD,,Y0NWM_0010,,1,Jan,2230,,
,PROD,,Y0NWM_0011,,1,Jan,8403,,
,PROD,,Y0NWM_0012,,1,Jan,126,,
,PROD,,Y0NWM_0013,,1,Jan,212,,
,PROD,,Y0NWM_0015,,1,Jan,86,,
,PROD,,Y0NWM_0016,,1,Jan,2,,
,PROD,,Y0NWM_0018,,1,Jan,156,,
,PROD,,Y0NWM_0021,,1,Jan,93,,
,PROD,,Y0NWM_0022,,1,Jan,233,,
,PROD,,Y0NWM_0023,,1,Jan,2,,
,PROD,,Y0NWM_0025,,1,Jan,4136,,
,PROD,,Y0NWM_0028,,1,Jan,176,,
,PROD,,Y0NWM_0029,,1,Jan,3,,
,PROD,,Y0NWM_0031,,1,Jan,1595,,
,PROD,,Y0NWM_0033,,1,Jan,70,,
,PROD,,Y0NWM_0035,,1,Jan,46,,
,PROD,,Y0NWM_0036,,1,Jan,10,,
,PROD,,Y0NWM_0038,,1,Jan,4154,,
,PROD,,Y0NWM_0039,,1,Jan,7,,
,PROD,,Y0NWM_0040,,1,Jan,17,,
,PROD,,Y0NWM_0041,,1,Jan,72,,
,PROD,,Y0NWM_0042,,1,Jan,139,,
,PROD,,Y0NWM_0043,,1,Jan,21,,
,PROD,,Y0NWM_0044,,1,Jan,1,,
,PROD,,Y0NWM_0046,,1,Jan,14,,
,PROD,,Y0NWM_0047,,1,Jan,1,,
,PROD,,Y0NWM_0048,,1,Jan,3,,
,PROD,,Y0NWM_ZAR0013,,5,Jan,69,,
,PROD,,Y0NWM_ZAR0021,,2,Jan,2033,,
,PROD,,Y0PRD_0004,,1,Jan,2,,
,PROD,,Y0PRIDE_0011,,1,Jan,29,,
,PROD,,Z_INACTIVE,,1,Jan,1,,
,PROD,,Z_USER_ROLE_TCODE,,1,Jan,179,,
,PROD,,Z_USER_TCODE,,1,Jan,115,,
,PROD,,ZCLJOBMON_ALERT_EMAIL_ENH=====CP,,1,Jan,1,,
,PROD,,ZMNFI_0006,,1,Jan,21,,
,PROD,,ZMNFI_0014,,1,Jan,670,,
,PROD,,ZMNMM_0007,,1,Jan,58,,
,PROD,,ZMNMM_0009,,1,Jan,29,,
,PROD,,ZMNMM_ZAR0041,,1,Jan,489,,
,PROD,,ZMNMM_ZAR0043,,1,Jan,21,,
,PROD,,ZMNSD_0003,,1,Jan,265,,
,PROD,,ZMNSD_0004,,1,Jan,812,,
,PROD,,ZMNSD_0006,,1,Jan,27,,
,PROD,,ZMNSD_0008,,1,Jan,6,,
,PROD,,ZMNSD_0009,,1,Jan,1995,,
,PROD,,ZMNSD_ZAR0007,,2,Jan,5201,,
,PROD,,ZPNFI_ZAB0001,,1,Jan,27,,
,PROD,,ZRNFI_0002,,1,Jan,50,,
,PROD,,ZRNFI_0006,,1,Jan,6,,
,PROD,,ZRNFI_0007,,1,Jan,4780,,
,PROD,,ZRNFI_0010,,1,Jan,1397,,
,PROD,,ZRNFI_0023,,1,Jan,44,,
,PROD,,ZRNFI_0024,,1,Jan,5317,,
,PROD,,ZRNFI_0026,,1,Jan,13,,
,PROD,,ZRNFI_0027,,1,Jan,104,,
,PROD,,ZRNFI_0029,,1,Jan,1,,
,PROD,,ZRNFI_0030,,1,Jan,2,,
,PROD,,ZRNFI_0031,,1,Jan,1536,,
,PROD,,ZRNFI_0035,,1,Jan,2095,,
,PROD,,ZRNFI_ZAO0005,,1,Jan,2753,,
,PROD,,ZRNFI_ZAO0008,,1,Jan,157,,
,PROD,,ZRNFI_ZAO0009,,1,Jan,288,,
,PROD,,ZRNFI_ZAR0006,,2,Jan,213348,,
,PROD,,ZRNMM_0001,,1,Jan,89,,
,PROD,,ZRNMM_0002,,1,Jan,103,,
,PROD,,ZRNMM_0003,,1,Jan,157,,
,PROD,,ZRNMM_0005,,1,Jan,60,,
,PROD,,ZRNMM_0006,,1,Jan,71,,
,PROD,,ZRNMM_0009,,1,Jan,270,,
,PROD,,ZRNMM_0012,,1,Jan,234,,
,PROD,,ZRNMM_0013,,1,Jan,3,,
,PROD,,ZRNMM_0014,,1,Jan,26,,
,PROD,,ZRNMM_0015,,1,Jan,125,,
,PROD,,ZRNMM_ZAO0003,,2,Jan,26407,,
,PROD,,ZRNMM_ZAO0004,,3,Jan,80266,,
,PROD,,ZRNMM_ZAO0005,,2,Jan,806,,
,PROD,,ZRNMM_ZAO0006,,1,Jan,3,,
,PROD,,ZRNSD_0006,,1,Jan,4109,,
,PROD,,ZRNSD_0007,,1,Jan,8,,
,PROD,,ZRNSD_0008,,1,Jan,25,,
,PROD,,ZRNSD_0009,,1,Jan,4155,,
,PROD,,ZRNSD_0011,,1,Jan,388,,
,PROD,,ZRNSD_0012,,1,Jan,2,,
,PROD,,ZRNSD_0013,,1,Jan,29534,,
,PROD,,ZRNSD_0017,,1,Jan,5,,
,PROD,,ZRNSD_0018,,1,Jan,899,,
,PROD,,ZRNSD_0019,,1,Jan,41298,,
,PROD,,ZRNSD_0025,,1,Jan,1,,
,PROD,,ZRNSD_ZAB0001,,1,Jan,13,,
,PROD,,ZRNSD_ZAO0001,,1,Jan,10,,
,PROD,,ZRNSD_ZAO0003,,3,Jan,431511,,
,PROD,,ZRNSD_ZAO0004,,1,Jan,5,,
,PROD,,ZRNSD_ZAO0005,,1,Jan,1073,,
,PROD,,ZRNSD_ZAO0006,,4,Jan,235452,,
,PROD,,ZRNSD_ZAR0008,,2,Jan,1940,,
,PROD,,ZSGBMR_WBSPOSTING,,1,Jan,44,,
,PROD,,ZSNDS_0002,,1,Jan,8,,
,PROD,,ZSNDS_0003,,1,Jan,11,,
,PROD,,ZSNDS_0006,,1,Jan,31,,
,PROD,,ZSNDS_0013,,1,Jan,5003,,
,PROD,,ZSNDS_0016,,1,Jan,63,,
,PROD,,ZSNDS_0019,,1,Jan,7,,
,PROD,,ZSNDS_0023,,1,Jan,15,,
,PROD,,ZSNDS_0026,,1,Jan,2,,
,PROD,,ZSNDS_0029,,1,Jan,19,,
,PROD,,ZSNDS_0030,,1,Jan,922,,
,PROD,,ZSNDS_0032,,1,Jan,12,,
,PROD,,ZSNDS_0041,,1,Jan,76,,
,PROD,,ZSNDS_0043,,1,Jan,71,,
,PROD,,ZSNDS_ZAB0003,,1,Jan,3619,,
,PROD,,ZSNDS_ZAI0001,,1,Jan,108,,
,PROD,,ZSNDS_ZAO0001,,1,Jan,13,,
,PROD,,ZSNDS_ZAO0002,,1,Jan,127,,
,PROD,,ZSNDS_ZAO0003,,1,Jan,1090,,
,PROD,,ZSNDS_ZAR0010,,3,Jan,1133,,
,PROD,,ZSNDS_ZAR0015,,23,Jan,548,,
,PROD,,ZSNDS_ZAR0018,,3,Jan,1736,,
,PROD,,ZSNDS_ZAR0019,,2,Jan,29,,
,PROD,,ZSNDS_ZAR0020,,7,Jan,72,,
,PROD,,ZSNDS_ZAR0022,,3,Jan,5564,,
,PROD,,ZSNDS_ZAR0023,,1,Jan,9,,
,PROD,,ZSNDS_ZAR0046,,1,Jan,1,,
,PROD,,ZSNDS_ZAR0048,,2,Jan,2,,
,PROD,,ZSNFI_0005,,1,Jan,6,,
,PROD,,ZSNFI_0016,,1,Jan,6,,
,PROD,,ZSNFI_0021,,1,Jan,15,,
,PROD,,ZSNFI_0023,,1,Jan,38,,
,PROD,,ZSNFI_0024,,1,Jan,1,,
,PROD,,ZSNFI_0036,,1,Jan,176,,
,PROD,,ZSNFI_0038,,1,Jan,252,,
,PROD,,ZSNFI_0047,,1,Jan,2291,,
,PROD,,ZSNFI_0050,,1,Jan,5632,,
,PROD,,ZSNFI_0053,,1,Jan,495,,
,PROD,,ZSNFI_0054,,1,Jan,3,,
,PROD,,ZSNFI_0055,,1,Jan,8,,
,PROD,,ZSNFI_0056,,1,Jan,8,,
,PROD,,ZSNFI_0060,,1,Jan,690,,
,PROD,,ZSNFI_0061,,1,Jan,11379,,
,PROD,,ZSNFI_0062,,1,Jan,373,,
,PROD,,ZSNFI_0063,,1,Jan,16,,
,PROD,,ZSNFI_0064,,1,Jan,597,,
,PROD,,ZSNFI_0065,,1,Jan,109,,
,PROD,,ZSNFI_0066,,1,Jan,157,,
,PROD,,ZSNFI_0067,,1,Jan,98,,
,PROD,,ZSNFI_0068,,1,Jan,2354,,
,PROD,,ZSNFI_0074,,1,Jan,871,,
,PROD,,ZSNFI_0076,,1,Jan,4,,
,PROD,,ZSNFI_0077,,1,Jan,26,,
,PROD,,ZSNFI_0078,,1,Jan,85,,
,PROD,,ZSNFI_0081,,1,Jan,1624,,
,PROD,,ZSNFI_0082,,1,Jan,3070,,
,PROD,,ZSNFI_0084,,1,Jan,677,,
,PROD,,ZSNFI_0086,,1,Jan,8,,
,PROD,,ZSNFI_0087,,1,Jan,170,,
,PROD,,ZSNFI_0088,,1,Jan,13,,
,PROD,,ZSNFI_0089,,1,Jan,339,,
,PROD,,ZSNFI_0100,,1,Jan,552,,
,PROD,,ZSNFI_0101,,1,Jan,224,,
,PROD,,ZSNFI_0102,,1,Jan,156,,
,PROD,,ZSNFI_0104,,1,Jan,643,,
,PROD,,ZSNFI_0105,,1,Jan,164,,
,PROD,,ZSNFI_0106,,1,Jan,302,,
,PROD,,ZSNFI_0107,,1,Jan,1517,,
,PROD,,ZSNFI_0108,,1,Jan,3284,,
,PROD,,ZSNFI_0111,,1,Jan,2003,,
,PROD,,ZSNFI_0112,,1,Jan,2992,,
,PROD,,ZSNFI_0113,,1,Jan,120,,
,PROD,,ZSNFI_0114,,1,Jan,1,,
,PROD,,ZSNFI_0116,,1,Jan,526,,
,PROD,,ZSNFI_0117,,1,Jan,111,,
,PROD,,ZSNFI_0122,,1,Jan,205,,
,PROD,,ZSNFI_0123,,1,Jan,60,,
,PROD,,ZSNFI_0127,,1,Jan,169,,
,PROD,,ZSNFI_0128,,1,Jan,4430,,
,PROD,,ZSNFI_0129,,1,Jan,61,,
,PROD,,ZSNFI_0130,,1,Jan,912,,
,PROD,,ZSNFI_0133,,1,Jan,226,,
,PROD,,ZSNFI_0134,,1,Jan,149,,
,PROD,,ZSNFI_0135,,1,Jan,203,,
,PROD,,ZSNFI_0136,,1,Jan,85,,
,PROD,,ZSNFI_0201,,1,Jan,128,,
,PROD,,ZSNFI_0202,,1,Jan,7,,
,PROD,,ZSNFI_ZAO0005,,3,Jan,214,,
,PROD,,ZSNFI_ZAO0008,,5,Jan,5,,
,PROD,,ZSNFI_ZAO0009,,2,Jan,1,,
,PROD,,ZSNFI_ZAO0024,,1,Jan,2,,
,PROD,,ZSNFI_ZAO0025,,1,Jan,1,,
,PROD,,ZSNFI_ZAO0026,,11,Jan,20240,,
,PROD,,ZSNFI_ZAR0007,,2,Jan,6446,,
,PROD,,ZSNFI_ZAR0008,,1,Jan,1,,
,PROD,,ZSNFI_ZAR0010,,15,Jan,7,,
,PROD,,ZSNFI_ZAR0023,,1,Jan,60,,
,PROD,,ZSNFI_ZAS0005,,224,Jan,153,,
,PROD,,ZSNMM_0002,,1,Jan,276,,
,PROD,,ZSNMM_0005,,1,Jan,3952,,
,PROD,,ZSNMM_0007,,1,Jan,6870,,
,PROD,,ZSNMM_0008,,1,Jan,1983,,
,PROD,,ZSNMM_0012,,1,Jan,223,,
,PROD,,ZSNMM_0016,,1,Jan,1,,
,PROD,,ZSNMM_0017,,1,Jan,442,,
,PROD,,ZSNMM_0018,,1,Jan,44,,
,PROD,,ZSNMM_0019,,1,Jan,1002,,
,PROD,,ZSNMM_0020,,1,Jan,3,,
,PROD,,ZSNMM_0021,,1,Jan,2,,
,PROD,,ZSNMM_ZAR0015,,2,Jan,25643,,
,PROD,,ZSNSD_0004,,1,Jan,1,,
,PROD,,ZSNSD_0006,,1,Jan,9,,
,PROD,,ZSNSD_0008,,1,Jan,13,,
,PROD,,ZSNSD_0009,,1,Jan,40,,
,PROD,,ZSNSD_0012,,1,Jan,103,,
,PROD,,ZSNSD_ZAO0001,,1,Jan,2,,
,PROD,,ZSNSD_ZAO0002,,15,Jan,2355,,
,PROD,,ZSOD_V2,,1,Jan,36,,
,PROD,,ZTNCO_0001,,1,Jan,4,,
,PROD,,ZTNCO_0005,,1,Jan,41,,
,PROD,,ZTNFI_0003,,1,Jan,3,,
,PROD,,ZTNFI_0004,,1,Jan,1,,
,PROD,,ZTNFI_0005,,1,Jan,105,,
,PROD,,ZTNFI_0009,,1,Jan,35,,
,PROD,,ZTNFI_0011,,1,Jan,113,,
,PROD,,ZTNFI_0016,,1,Jan,12368,,
,PROD,,ZTNFI_0016R,,1,Jan,2,,
,PROD,,ZTNFI_0018,,1,Jan,209,,
,PROD,,ZTNFI_0019,,1,Jan,48,,
,PROD,,ZTNFI_0020,,1,Jan,345,,
,PROD,,ZTNFI_0021,,1,Jan,2,,
,PROD,,ZTNFI_0022,,1,Jan,162,,
,PROD,,ZTNFI_0034,,1,Jan,1,,
,PROD,,ZTNFI_0041,,1,Jan,31,,
,PROD,,ZTNFI_0050,,1,Jan,29,,
,PROD,,ZTNFI_0051,,1,Jan,1,,
,PROD,,ZTNFI_0053,,1,Jan,880,,
,PROD,,ZTNFI_0054,,1,Jan,7106,,
,PROD,,ZTNFI_0071,,1,Jan,3,,
,PROD,,ZTNFI_0075,,1,Jan,7,,
,PROD,,ZTNFI_ZAN0001,,1,Jan,229,,
,PROD,,ZTNFI_ZAO0006,,2,Jan,284,,
,PROD,,ZTNFI_ZAR0007,,2,Jan,1,,
,PROD,,ZTNMM_0002,,1,Jan,3,,
,PROD,,ZTNMM_0004,,1,Jan,3,,
,PROD,,ZTNMM_0007,,1,Jan,493,,
,PROD,,ZTNMM_0009,,1,Jan,3220,,
,PROD,,ZTNMM_0010,,1,Jan,8134,,
,PROD,,ZTNMM_0011,,1,Jan,1461,,
,PROD,,ZTNMM_0015,,1,Jan,2,,
,PROD,,ZTNMM_0016,,1,Jan,25,,
,PROD,,ZTNMM_0031,,1,Jan,10918,,
,PROD,,ZTNMM_0037,,1,Jan,53,,
,PROD,,ZTNMM_0038,,1,Jan,30,,
,PROD,,ZTNMM_0048,,1,Jan,640,,
,PROD,,ZTNMM_0049,,1,Jan,1,,
,PROD,,ZTNMM_0050,,1,Jan,30,,
,PROD,,ZTNMM_0051,,1,Jan,113,,
,PROD,,ZTNMM_0052,,1,Jan,422,,
,PROD,,ZTNMM_0056,,1,Jan,196,,
,PROD,,ZTNMM_0058,,1,Jan,263,,
,PROD,,ZTNMM_ZAE0001,,4,Jan,88954,,
,PROD,,ZTNMM_ZAN0002,,21,Jan,86,,
,PROD,,ZTNMM_ZAO0001,,1,Jan,11,,
,PROD,,ZTNMM_ZAO0010,,1,Jan,16,,
,PROD,,ZTNMM_ZAO0015,,1,Jan,1,,
,PROD,,ZTNSD_0006,,1,Jan,1805,,
,PROD,,ZTNSD_0014,,1,Jan,1598,,
,PROD,,ZTNSD_0017,,1,Jan,206,,
,PROD,,ZTNSD_0019,,1,Jan,247,,
,PROD,,ZTNSD_0020,,1,Jan,9,,
,PROD,,ZTNSD_0021,,1,Jan,7636,,
,PROD,,ZTNSD_0022,,1,Jan,44319,,
,PROD,,ZTNSD_0023,,1,Jan,69460,,
,PROD,,ZTNSD_0037,,1,Jan,41,,
,PROD,,ZTNSD_0047,,1,Jan,303,,
,PROD,,ZTNSD_0049,,1,Jan,5,,
,PROD,,ZTNSD_0056,,1,Jan,40,,
,PROD,,ZTNSD_0059,,1,Jan,13,,
,PROD,,ZTNSD_0060,,1,Jan,1,,
,PROD,,ZTNSD_ZAB0011,,86,Jan,518,,
,PROD,,ZTNSD_ZAE0006,,1,Jan,14099,,
,PROD,,ZTNSD_ZAN0002,,1,Jan,2155,,
,PROD,,ZTNSD_ZAO0001,,1,Jan,174,,
,PROD,,ZTNSD_ZAO0002,,1,Jan,139,,
,PROD,,ZTNSD_ZAO0005,,1,Jan,4390,,
,PROD,,ZTNSD_ZAO0007,,1,Jan,1,,
,PROD,,ZTNSD_ZAO0008,,1,Jan,74,,
,PROD,,ZTNSD_ZAO0009,,1,Jan,2583,,
,PROD,,ZTNSD_ZAO0010,,1,Jan,952,,
,PROD,,ZTNSD_ZAO0011,,1,Jan,1647,,
,PROD,,ZTNSD_ZAO0012,,1,Jan,8363,,
,PROD,,ZTNSD_ZAO0014,,1,Jan,116,,
,PROD,,ZTNSD_ZAO0015,,1,Jan,2,,
,PROD,,ZTNSD_ZAO0016,,1,Jan,83,,
,PROD,,ZTNSD_ZAO0018,,1,Jan,169,,
,PROD,,ZTNSD_ZAO0030,,1,Jan,64589,,
,PROD,,ZTNSD_ZAR0054,,2,Jan,157,,
,PROD,,ZVNFI_0001,,1,Jan,86,,
,PROD,,ZVNFI_0002,,1,Jan,4,,
,PROD,,ZVNFI_0003,,1,Jan,218,,
,PROD,,ZVNFI_ZAB0001,,1,Jan,197,,
,PROD,,ZVNSD_0001,,1,Jan,6,,
,PROD,,ZVNSD_0002,,1,Jan,1,,
,PROD,,ZVNSD_0004,,1,Jan,28,,
,PROD,,ZWADATIS,,1,Jan,885,,
,PROD,,Y0GBC_ZAR0003,,1,Feb,18,,
,PROD,,Y0GSD_0001,,1,Feb,5119,,
,PROD,,Y0NBC_0001,,1,Feb,37,,
,PROD,,Y0NBC_0004,,1,Feb,18,,
,PROD,,Y0NBC_ZAB0001,,1,Feb,15,,
,PROD,,Y0NBC_ZAR0027,,1,Feb,54,,
,PROD,,Y0NBC_ZAR0028,,3,Feb,241,,
,PROD,,Y0NCO_0013,,1,Feb,9,,
,PROD,,Y0NCO_0017,,1,Feb,3257,,
,PROD,,Y0NFI_0002,,1,Feb,5,,
,PROD,,Y0NFI_0003,,1,Feb,12,,
,PROD,,Y0NFI_0005,,1,Feb,1,,
,PROD,,Y0NFI_0006,,1,Feb,37,,
,PROD,,Y0NFI_0008,,1,Feb,7,,
,PROD,,Y0NFI_0009,,1,Feb,12,,
,PROD,,Y0NFI_0013,,1,Feb,1957,,
,PROD,,Y0NFI_0014,,1,Feb,4169,,
,PROD,,Y0NFI_0015,,1,Feb,4,,
,PROD,,Y0NFI_0017,,1,Feb,1,,
,PROD,,Y0NFI_0020,,1,Feb,25,,
,PROD,,Y0NFI_0022,,1,Feb,10,,
,PROD,,Y0NFI_0030,,1,Feb,16,,
,PROD,,Y0NFI_0032,,1,Feb,5,,
,PROD,,Y0NFI_0037,,1,Feb,87,,
,PROD,,Y0NFI_0040,,1,Feb,1,,
,PROD,,Y0NFI_0043,,1,Feb,4,,
,PROD,,Y0NFI_0060,,1,Feb,9,,
,PROD,,Y0NFI_0082,,1,Feb,15,,
,PROD,,Y0NFI_0083,,1,Feb,28,,
,PROD,,Y0NFI_0089,,1,Feb,11,,
,PROD,,Y0NFI_0104,,1,Feb,4674,,
,PROD,,Y0NFI_0106,,1,Feb,44628,,
,PROD,,Y0NFI_0120,,1,Feb,3318,,
,PROD,,Y0NFI_0121,,1,Feb,1824,,
,PROD,,Y0NFI_0122,,1,Feb,962,,
,PROD,,Y0NFI_0126,,1,Feb,1,,
,PROD,,Y0NFI_0127,,1,Feb,473,,
,PROD,,Y0NFI_0128,,1,Feb,986,,
,PROD,,Y0NFI_0131,,1,Feb,1992,,
,PROD,,Y0NFI_0133,,1,Feb,6133,,
,PROD,,Y0NFI_0137,,1,Feb,4,,
,PROD,,Y0NFI_0139,,1,Feb,787,,
,PROD,,Y0NFI_0177,,1,Feb,11539,,
,PROD,,Y0NFI_0178,,1,Feb,312,,
,PROD,,Y0NFI_0206,,1,Feb,2,,
,PROD,,Y0NFI_0209,,1,Feb,423,,
,PROD,,Y0NFI_0220,,1,Feb,25694,,
,PROD,,Y0NFI_0226,,1,Feb,1781,,
,PROD,,Y0NFI_0231,,1,Feb,7,,
,PROD,,Y0NFI_0234,,1,Feb,121,,
,PROD,,Y0NFI_0237,,1,Feb,10,,
,PROD,,Y0NFI_0240,,1,Feb,2965,,
,PROD,,Y0NFI_02401,,1,Feb,1308,,
,PROD,,Y0NFI_0242,,1,Feb,3,,
,PROD,,Y0NFI_0243,,1,Feb,2,,
,PROD,,Y0NFI_02431,,1,Feb,3,,
,PROD,,Y0NFI_0245,,1,Feb,29,,
,PROD,,Y0NFI_0286,,1,Feb,391,,
,PROD,,Y0NFI_0291_COPY,,1,Feb,9,,
,PROD,,Y0NFI_0299,,1,Feb,10,,
,PROD,,Y0NFI_0303,,1,Feb,58,,
,PROD,,Y0NFI_0310,,1,Feb,198,,
,PROD,,Y0NFI_0314,,1,Feb,255,,
,PROD,,Y0NFI_0323,,1,Feb,367,,
,PROD,,Y0NFI_0330,,1,Feb,25,,
,PROD,,Y0NFI_0331,,1,Feb,394,,
,PROD,,Y0NFI_0336,,1,Feb,75,,
,PROD,,Y0NFI_0351,,1,Feb,1,,
,PROD,,Y0NFI_ZAB0011,,9,Feb,59,,
,PROD,,Y0NFI_ZAB0012,,7,Feb,26,,
,PROD,,Y0NFI_ZAB0013,,28,Feb,239,,
,PROD,,Y0NFI_ZAN0004,,5,Feb,43,,
,PROD,,Y0NFI_ZAN0105,,2,Feb,151,,
,PROD,,Y0NFI_ZAO0003,,2,Feb,2,,
,PROD,,Y0NFI_ZAO0011,,1,Feb,3,,
,PROD,,Y0NFI_ZAO0021,,3,Feb,749,,
,PROD,,Y0NFI_ZAO0023,,2,Feb,3292,,
,PROD,,Y0NFI_ZAO0101,,1,Feb,237,,
,PROD,,Y0NFI_ZAO0110,,2,Feb,7,,
,PROD,,Y0NFI_ZAO0116,,3,Feb,63,,
,PROD,,Y0NFI_ZAO0206,,2,Feb,20,,
,PROD,,Y0NFI_ZAO0212,,1,Feb,57117,,
,PROD,,Y0NFI_ZAO0220,,3,Feb,2,,
,PROD,,Y0NFI_ZAR0001,,1,Feb,447,,
,PROD,,Y0NFI_ZAR0002,,1,Feb,69,,
,PROD,,Y0NFI_ZAR0020,,7,Feb,18775,,
,PROD,,Y0NFI_ZAR0038,,2,Feb,1158,,
,PROD,,Y0NFI_ZAR0040,,17,Feb,89999,,
,PROD,,Y0NFI_ZAR0059,,2,Feb,17657,,
,PROD,,Y0NFI_ZAR0069,,1,Feb,167,,
,PROD,,Y0NFI_ZAR0070,,2,Feb,28,,
,PROD,,Y0NFI_ZAR0127,,7,Feb,370,,
,PROD,,Y0NFI_ZAR0128,,7,Feb,358,,
,PROD,,Y0NFI_ZAR0130,,1,Feb,35,,
,PROD,,Y0NFI_ZAR0212,,2,Feb,5743,,
,PROD,,Y0NFI_ZAR0279,,2,Feb,1,,
,PROD,,Y0NFI_ZAR218_COPY,,2,Feb,51,,
,PROD,,Y0NMM_0004,,1,Feb,850,,
,PROD,,Y0NMM_0005,,1,Feb,818,,
,PROD,,Y0NMM_0008,,1,Feb,4,,
,PROD,,Y0NMM_0012,,1,Feb,415,,
,PROD,,Y0NMM_0014,,1,Feb,171,,
,PROD,,Y0NMM_0015,,1,Feb,105,,
,PROD,,Y0NMM_0016,,1,Feb,46,,
,PROD,,Y0NMM_0017,,1,Feb,2,,
,PROD,,Y0NMM_0018,,1,Feb,15,,
,PROD,,Y0NMM_0022,,1,Feb,519,,
,PROD,,Y0NMM_0026,,1,Feb,122,,
,PROD,,Y0NMM_0037,,1,Feb,56,,
,PROD,,Y0NMM_0039,,1,Feb,68,,
,PROD,,Y0NMM_0040,,1,Feb,78,,
,PROD,,Y0NMM_0042,,1,Feb,194,,
,PROD,,Y0NMM_0045,,1,Feb,7958,,
,PROD,,Y0NMM_0048,,1,Feb,2,,
,PROD,,Y0NMM_0053,,1,Feb,3701,,
,PROD,,Y0NMM_0054,,1,Feb,8,,
,PROD,,Y0NMM_0056,,1,Feb,89311,,
,PROD,,Y0NMM_0057,,1,Feb,120,,
,PROD,,Y0NMM_0063,,1,Feb,62,,
,PROD,,Y0NMM_0065,,1,Feb,4,,
,PROD,,Y0NMM_0066,,1,Feb,1,,
,PROD,,Y0NMM_0070,,1,Feb,149,,
,PROD,,Y0NMM_0073,,1,Feb,1,,
,PROD,,Y0NMM_0075,,1,Feb,614,,
,PROD,,Y0NMM_0076,,1,Feb,15308,,
,PROD,,Y0NMM_0082,,1,Feb,740,,
,PROD,,Y0NMM_0083,,1,Feb,543,,
,PROD,,Y0NMM_0085,,1,Feb,215,,
,PROD,,Y0NMM_0086,,1,Feb,1346,,
,PROD,,Y0NMM_0088,,1,Feb,16,,
,PROD,,Y0NMM_0089,,1,Feb,1,,
,PROD,,Y0NMM_0105,,1,Feb,1398,,
,PROD,,Y0NMM_0109,,1,Feb,653,,
,PROD,,Y0NMM_0110,,1,Feb,1166,,
,PROD,,Y0NMM_0111,,1,Feb,17,,
,PROD,,Y0NMM_0114,,1,Feb,4,,
,PROD,,Y0NMM_0213,,1,Feb,2,,
,PROD,,Y0NMM_0215,,1,Feb,49698,,
,PROD,,Y0NMM_0219,,1,Feb,16,,
,PROD,,Y0NMM_0224,,1,Feb,78,,
,PROD,,Y0NMM_0228,,1,Feb,11,,
,PROD,,Y0NMM_0233,,1,Feb,7,,
,PROD,,Y0NMM_0238,,1,Feb,4,,
,PROD,,Y0NMM_0242,,1,Feb,1,,
,PROD,,Y0NMM_0246,,1,Feb,34,,
,PROD,,Y0NMM_0264,,1,Feb,20,,
,PROD,,Y0NMM_T0103,,1,Feb,3,,
,PROD,,Y0NMM_ZAB0002,,2,Feb,29,,
,PROD,,Y0NMM_ZAC0006=================CP,,1,Feb,39,,
,PROD,,Y0NMM_ZAE0001,,33,Feb,127,,
,PROD,,Y0NMM_ZAE0003,,1,Feb,4,,
,PROD,,Y0NMM_ZAN0001,,10,Feb,19,,
,PROD,,Y0NMM_ZAN0008,,4,Feb,3,,
,PROD,,Y0NMM_ZAO0002,,9,Feb,13,,
,PROD,,Y0NMM_ZAO0003,,9,Feb,163,,
,PROD,,Y0NMM_ZAO0004,,19,Feb,65410,,
,PROD,,Y0NMM_ZAO0005,,6,Feb,26,,
,PROD,,Y0NMM_ZAO0008,,1,Feb,10,,
,PROD,,Y0NMM_ZAO0016,,14,Feb,33,,
,PROD,,Y0NMM_ZAO0017,,17,Feb,70464,,
,PROD,,Y0NMM_ZAO0020,,3,Feb,61,,
,PROD,,Y0NMM_ZAO0021,,3,Feb,1291,,
,PROD,,Y0NMM_ZAO0025,,6,Feb,12863,,
,PROD,,Y0NMM_ZAO0026,,5,Feb,9740,,
,PROD,,Y0NMM_ZAO0027,,15,Feb,8289,,
,PROD,,Y0NMM_ZAO0028,,7,Feb,114,,
,PROD,,Y0NMM_ZAO0029,,8,Feb,151,,
,PROD,,Y0NMM_ZAO0030,,2,Feb,618,,
,PROD,,Y0NMM_ZAO0031,,7,Feb,52,,
,PROD,,Y0NMM_ZAO0032,,2,Feb,21,,
,PROD,,Y0NMM_ZAO0203,,2,Feb,7,,
,PROD,,Y0NMM_ZAR0002,,24,Feb,182,,
,PROD,,Y0NMM_ZAR0014,,1,Feb,2,,
,PROD,,Y0NMM_ZAR0018,,1,Feb,37,,
,PROD,,Y0NMM_ZAR0020,,10,Feb,164617,,
,PROD,,Y0NMM_ZAR0029,,19,Feb,118,,
,PROD,,Y0NMM_ZAR0030,,2,Feb,679,,
,PROD,,Y0NMM_ZAR0031,,1,Feb,89,,
,PROD,,Y0NMM_ZAR0036,,1,Feb,52,,
,PROD,,Y0NMM_ZAR0043,,4,Feb,92,,
,PROD,,Y0NMM_ZAR0210,,3,Feb,1986,,
,PROD,,Y0NMM_ZAR0220,,7,Feb,8946,,
,PROD,,Y0NMM_ZAR0230,,1,Feb,6364,,
,PROD,,Y0NMM_ZAR0233,,2,Feb,35,,
,PROD,,Y0NPR_0001,,1,Feb,331,,
,PROD,,Y0NPR_0002,,1,Feb,724,,
,PROD,,Y0NPR_0003,,1,Feb,5,,
,PROD,,Y0NPR_0013,,1,Feb,555,,
,PROD,,Y0NPR_0014,,1,Feb,1577,,
,PROD,,Y0NSD_0012,,1,Feb,16906,,
,PROD,,Y0NSD_0014,,1,Feb,38,,
,PROD,,Y0NSD_0016,,1,Feb,10478,,
,PROD,,Y0NSD_0017,,1,Feb,3425,,
,PROD,,Y0NSD_0019,,1,Feb,5,,
,PROD,,Y0NSD_0029,,1,Feb,788,,
,PROD,,Y0NSD_0030,,1,Feb,58,,
,PROD,,Y0NSD_0032,,1,Feb,5,,
,PROD,,Y0NSD_0040,,1,Feb,221,,
,PROD,,Y0NSD_0041,,1,Feb,263969,,
,PROD,,Y0NSD_0047,,1,Feb,525,,
,PROD,,Y0NSD_0051,,1,Feb,15850,,
,PROD,,Y0NSD_0055,,1,Feb,206,,
,PROD,,Y0NSD_0060,,1,Feb,163,,
,PROD,,Y0NSD_0063,,1,Feb,67,,
,PROD,,Y0NSD_0065,,1,Feb,5415,,
,PROD,,Y0NSD_0066,,1,Feb,45,,
,PROD,,Y0NSD_0071,,1,Feb,1,,
,PROD,,Y0NSD_0072,,1,Feb,8154,,
,PROD,,Y0NSD_0077,,1,Feb,13250,,
,PROD,,Y0NSD_0079,,1,Feb,15,,
,PROD,,Y0NSD_0080,,1,Feb,36,,
,PROD,,Y0NSD_0081,,1,Feb,36,,
,PROD,,Y0NSD_0082,,1,Feb,1,,
,PROD,,Y0NSD_0085,,1,Feb,1,,
,PROD,,Y0NSD_0102,,1,Feb,5,,
,PROD,,Y0NSD_0203,,1,Feb,96715,,
,PROD,,Y0NSD_0216,,1,Feb,386,,
,PROD,,Y0NSD_0220,,1,Feb,15,,
,PROD,,Y0NSD_0223,,1,Feb,719,,
,PROD,,Y0NSD_0229,,1,Feb,643,,
,PROD,,Y0NSD_0233,,1,Feb,4740,,
,PROD,,Y0NSD_0234,,1,Feb,191,,
,PROD,,Y0NSD_0235,,1,Feb,9,,
,PROD,,Y0NSD_0236,,1,Feb,25,,
,PROD,,Y0NSD_SD70AV1A,,1,Feb,908,,
,PROD,,Y0NSD_ZAB0001,,4,Feb,1990,,
,PROD,,Y0NSD_ZAB0007,,7,Feb,27,,
,PROD,,Y0NSD_ZAB0008,,1,Feb,40,,
,PROD,,Y0NSD_ZAB0201,,2,Feb,942,,
,PROD,,Y0NSD_ZAB0202,,4,Feb,710286,,
,PROD,,Y0NSD_ZAB0205,,1,Feb,248,,
,PROD,,Y0NSD_ZAB0206,,1,Feb,74,,
,PROD,,Y0NSD_ZAB0207,,1,Feb,85,,
,PROD,,Y0NSD_ZAD0036,,1,Feb,36,,
,PROD,,Y0NSD_ZAO0001,,11,Feb,5472,,
,PROD,,Y0NSD_ZAO0002,,5,Feb,1,,
,PROD,,Y0NSD_ZAO0005,,6,Feb,33140,,
,PROD,,Y0NSD_ZAO0009,,44,Feb,27576,,
,PROD,,Y0NSD_ZAO0011,,7,Feb,52838,,
,PROD,,Y0NSD_ZAO0012,,1,Feb,35,,
,PROD,,Y0NSD_ZAO0020,,7,Feb,921,,
,PROD,,Y0NSD_ZAO0021,,22,Feb,3217,,
,PROD,,Y0NSD_ZAO0024,,9,Feb,938,,
,PROD,,Y0NSD_ZAO0035,,4,Feb,5186,,
,PROD,,Y0NSD_ZAO0203,,2,Feb,48,,
,PROD,,Y0NSD_ZAR0002,,6,Feb,21,,
,PROD,,Y0NSD_ZAR0003,,6,Feb,40,,
,PROD,,Y0NSD_ZAR0004,,12,Feb,51180,,
,PROD,,Y0NSD_ZAR0013,,15,Feb,4624,,
,PROD,,Y0NSD_ZAR0023,,5,Feb,7083,,
,PROD,,Y0NSD_ZAR0120,,12,Feb,12895,,
,PROD,,Y0NSD_ZAR0124,,1,Feb,1,,
,PROD,,Y0NSD_ZAR0203,,1,Feb,3461,,
,PROD,,Y0NSD_ZAR0204_1,,2,Feb,68686,,
,PROD,,Y0NSD_ZAR0205,,1,Feb,20,,
,PROD,,Y0NSD_ZAR0234,,1,Feb,263,,
,PROD,,Y0NSD_ZAS0002,,17,Feb,22765,,
,PROD,,Y0NSD_ZAS0003,,10,Feb,15859,,
,PROD,,Y0NVX_0000,,1,Feb,276,,
,PROD,,Y0NVX_0006,,1,Feb,365,,
,PROD,,Y0NVX_0016,,1,Feb,1,,
,PROD,,Y0NVX_0018,,1,Feb,33252,,
,PROD,,Y0NVX_0020,,1,Feb,9127,,
,PROD,,Y0NVX_0025,,1,Feb,22,,
,PROD,,Y0NVX_0026,,1,Feb,3052,,
,PROD,,Y0NVX_0028,,1,Feb,427,,
,PROD,,Y0NVX_0029,,1,Feb,81,,
,PROD,,Y0NVX_0045,,1,Feb,70,,
,PROD,,Y0NVX_0055,,1,Feb,50,,
,PROD,,Y0NVX_0064,,1,Feb,1077,,
,PROD,,Y0NVX_0068,,1,Feb,568,,
,PROD,,Y0NVX_0069,,1,Feb,68018,,
,PROD,,Y0NVX_0077,,1,Feb,3,,
,PROD,,Y0NVX_0081,,1,Feb,666,,
,PROD,,Y0NVX_0082,,1,Feb,29,,
,PROD,,Y0NVX_0084,,1,Feb,13,,
,PROD,,Y0NVX_0090,,1,Feb,44,,
,PROD,,Y0NVX_0091,,1,Feb,64,,
,PROD,,Y0NVX_0093,,1,Feb,516,,
,PROD,,Y0NVX_0096,,1,Feb,66,,
,PROD,,Y0NVX_0099,,1,Feb,5517,,
,PROD,,Y0NVX_0110,,1,Feb,7,,
,PROD,,Y0NVX_0113,,1,Feb,5,,
,PROD,,Y0NVX_0136,,1,Feb,1,,
,PROD,,Y0NVX_IPPCR_CREATE,,2,Feb,677,,
,PROD,,Y0NVX_IPPCR_CREATE_PARALLEL,,1,Feb,4,,
,PROD,,Y0NVX_KUL_STATUS,,1,Feb,188,,
,PROD,,Y0NVX_LIL_STATUS,,1,Feb,31,,
,PROD,,Y0NVX_PDL_STATUS,,1,Feb,18,,
,PROD,,Y0NVX_ZAR0016,,1,Feb,500,,
,PROD,,Y0NVX_ZAR0049,,1,Feb,5,,
,PROD,,Y0NVX_ZAR0071,,21,Feb,1233,,
,PROD,,Y0NVX_ZAR0072,,1,Feb,105,,
,PROD,,Y0NVX_ZAR0073,,1,Feb,11,,
,PROD,,Y0NVX_ZAR0076,,3,Feb,256,,
,PROD,,Y0NVX_ZAR0081,,1,Feb,5675,,
,PROD,,Y0NVX_ZAR0093,,2,Feb,18443,,
,PROD,,Y0NVX_ZAR0103,,1,Feb,3540,,
,PROD,,Y0NVX_ZAR0135,,1,Feb,192,,
,PROD,,Y0NVX_ZAR0137,,2,Feb,79,,
,PROD,,Y0NWM_0002,,1,Feb,2246,,
,PROD,,Y0NWM_0003,,1,Feb,6154,,
,PROD,,Y0NWM_0005,,1,Feb,34,,
,PROD,,Y0NWM_0007,,1,Feb,161,,
,PROD,,Y0NWM_0009,,1,Feb,527,,
,PROD,,Y0NWM_0010,,1,Feb,3764,,
,PROD,,Y0NWM_0011,,1,Feb,7936,,
,PROD,,Y0NWM_0012,,1,Feb,222,,
,PROD,,Y0NWM_0013,,1,Feb,498,,
,PROD,,Y0NWM_0015,,1,Feb,97,,
,PROD,,Y0NWM_0016,,1,Feb,6,,
,PROD,,Y0NWM_0018,,1,Feb,457,,
,PROD,,Y0NWM_0021,,1,Feb,113,,
,PROD,,Y0NWM_0022,,1,Feb,995,,
,PROD,,Y0NWM_0023,,1,Feb,2,,
,PROD,,Y0NWM_0025,,1,Feb,4102,,
,PROD,,Y0NWM_0028,,1,Feb,125,,
,PROD,,Y0NWM_0029,,1,Feb,2,,
,PROD,,Y0NWM_0031,,1,Feb,649,,
,PROD,,Y0NWM_0033,,1,Feb,4,,
,PROD,,Y0NWM_0035,,1,Feb,159,,
,PROD,,Y0NWM_0036,,1,Feb,31,,
,PROD,,Y0NWM_0038,,1,Feb,7391,,
,PROD,,Y0NWM_0039,,1,Feb,6,,
,PROD,,Y0NWM_0041,,1,Feb,97,,
,PROD,,Y0NWM_0042,,1,Feb,668,,
,PROD,,Y0NWM_0043,,1,Feb,12,,
,PROD,,Y0NWM_0044,,1,Feb,24,,
,PROD,,Y0NWM_0046,,1,Feb,1513,,
,PROD,,Y0NWM_0047,,1,Feb,1,,
,PROD,,Y0NWM_0048,,1,Feb,2,,
,PROD,,Y0NWM_ZAR0013,,5,Feb,64,,
,PROD,,Y0NWM_ZAR0021,,2,Feb,4021,,
,PROD,,Y0PRD_0001,,1,Feb,1,,
,PROD,,Y0PRD_0004,,1,Feb,4,,
,PROD,,Z_USER_ROLE_TCODE,,1,Feb,339,,
,PROD,,Z_USER_ROLE_TCODE_N,,1,Feb,42,,
,PROD,,Z_USER_TCODE,,1,Feb,6,,
,PROD,,ZCLJOBMON_ALERT_EMAIL_ENH=====CP,,1,Feb,1,,
,PROD,,ZMNFI_0006,,1,Feb,14,,
,PROD,,ZMNFI_0014,,1,Feb,316,,
,PROD,,ZMNFI_0015,,1,Feb,1,,
,PROD,,ZMNMM_0006,,1,Feb,9,,
,PROD,,ZMNMM_0007,,1,Feb,13,,
,PROD,,ZMNMM_0008,,1,Feb,7,,
,PROD,,ZMNMM_0009,,1,Feb,42,,
,PROD,,ZMNMM_ZAR0041,,1,Feb,490,,
,PROD,,ZMNMM_ZAR0043,,1,Feb,18,,
,PROD,,ZMNSD_0003,,1,Feb,177,,
,PROD,,ZMNSD_0004,,1,Feb,613,,
,PROD,,ZMNSD_0006,,1,Feb,27,,
,PROD,,ZMNSD_0008,,1,Feb,3,,
,PROD,,ZMNSD_0009,,1,Feb,1462,,
,PROD,,ZMNSD_ZAR0007,,2,Feb,4273,,
,PROD,,ZPNFI_ZAB0001,,1,Feb,24,,
,PROD,,ZRNFI_0002,,1,Feb,22,,
,PROD,,ZRNFI_0006,,1,Feb,7,,
,PROD,,ZRNFI_0007,,1,Feb,1896,,
,PROD,,ZRNFI_0010,,1,Feb,985,,
,PROD,,ZRNFI_0023,,1,Feb,48,,
,PROD,,ZRNFI_0024,,1,Feb,6064,,
,PROD,,ZRNFI_0026,,1,Feb,9,,
,PROD,,ZRNFI_0027,,1,Feb,76,,
,PROD,,ZRNFI_0029,,1,Feb,1,,
,PROD,,ZRNFI_0030,,1,Feb,2,,
,PROD,,ZRNFI_0031,,1,Feb,565,,
,PROD,,ZRNFI_0035,,1,Feb,1855,,
,PROD,,ZRNFI_ZAO0005,,1,Feb,2694,,
,PROD,,ZRNFI_ZAO0008,,1,Feb,144,,
,PROD,,ZRNFI_ZAO0009,,1,Feb,297,,
,PROD,,ZRNFI_ZAR0006,,2,Feb,177272,,
,PROD,,ZRNMM_0001,,1,Feb,45,,
,PROD,,ZRNMM_0002,,1,Feb,413,,
,PROD,,ZRNMM_0003,,1,Feb,191,,
,PROD,,ZRNMM_0005,,1,Feb,69,,
,PROD,,ZRNMM_0006,,1,Feb,40,,
,PROD,,ZRNMM_0007,,1,Feb,29,,
,PROD,,ZRNMM_0009,,1,Feb,202,,
,PROD,,ZRNMM_0012,,1,Feb,208,,
,PROD,,ZRNMM_0013,,1,Feb,2,,
,PROD,,ZRNMM_0014,,1,Feb,28,,
,PROD,,ZRNMM_0015,,1,Feb,159,,
,PROD,,ZRNMM_ZAO0003,,2,Feb,25136,,
,PROD,,ZRNMM_ZAO0004,,3,Feb,73923,,
,PROD,,ZRNMM_ZAO0005,,3,Feb,639,,
,PROD,,ZRNMM_ZAO0006,,1,Feb,3,,
,PROD,,ZRNSD_0002,,1,Feb,1,,
,PROD,,ZRNSD_0006,,1,Feb,10030,,
,PROD,,ZRNSD_0007,,1,Feb,9,,
,PROD,,ZRNSD_0008,,1,Feb,31,,
,PROD,,ZRNSD_0009,,1,Feb,2599,,
,PROD,,ZRNSD_0011,,1,Feb,350,,
,PROD,,ZRNSD_0012,,1,Feb,1,,
,PROD,,ZRNSD_0013,,1,Feb,22643,,
,PROD,,ZRNSD_0014,,1,Feb,3,,
,PROD,,ZRNSD_0017,,1,Feb,13,,
,PROD,,ZRNSD_0018,,1,Feb,479,,
,PROD,,ZRNSD_0019,,1,Feb,28299,,
,PROD,,ZRNSD_0025,,1,Feb,1,,
,PROD,,ZRNSD_ZAB0001,,2,Feb,11,,
,PROD,,ZRNSD_ZAO0001,,1,Feb,9,,
,PROD,,ZRNSD_ZAO0003,,3,Feb,1454237,,
,PROD,,ZRNSD_ZAO0004,,1,Feb,4,,
,PROD,,ZRNSD_ZAO0005,,1,Feb,975,,
,PROD,,ZRNSD_ZAO0006,,4,Feb,149643,,
,PROD,,ZRNSD_ZAR0008,,2,Feb,1677,,
,PROD,,ZSGBMR_WBSPOSTING,,1,Feb,52,,
,PROD,,ZSNDS_0002,,1,Feb,11,,
,PROD,,ZSNDS_0003,,1,Feb,21,,
,PROD,,ZSNDS_0006,,1,Feb,1,,
,PROD,,ZSNDS_0010,,1,Feb,507,,
,PROD,,ZSNDS_0013,,1,Feb,3060,,
,PROD,,ZSNDS_0016,,1,Feb,12,,
,PROD,,ZSNDS_0023,,1,Feb,5,,
,PROD,,ZSNDS_0026,,1,Feb,2,,
,PROD,,ZSNDS_0029,,1,Feb,22,,
,PROD,,ZSNDS_0030,,1,Feb,767,,
,PROD,,ZSNDS_0032,,1,Feb,13,,
,PROD,,ZSNDS_0041,,1,Feb,15,,
,PROD,,ZSNDS_0043,,1,Feb,158,,
,PROD,,ZSNDS_ZAB0003,,1,Feb,3922,,
,PROD,,ZSNDS_ZAI0001,,1,Feb,94,,
,PROD,,ZSNDS_ZAO0001,,1,Feb,12,,
,PROD,,ZSNDS_ZAO0002,,1,Feb,137,,
,PROD,,ZSNDS_ZAO0003,,1,Feb,969,,
,PROD,,ZSNDS_ZAR0010,,3,Feb,1241,,
,PROD,,ZSNDS_ZAR0015,,23,Feb,510,,
,PROD,,ZSNDS_ZAR0018,,3,Feb,1240,,
,PROD,,ZSNDS_ZAR0019,,2,Feb,30,,
,PROD,,ZSNDS_ZAR0020,,7,Feb,66,,
,PROD,,ZSNDS_ZAR0022,,3,Feb,5479,,
,PROD,,ZSNDS_ZAR0023,,1,Feb,5,,
,PROD,,ZSNDS_ZAR0048,,2,Feb,2,,
,PROD,,ZSNFI_0009,,1,Feb,1,,
,PROD,,ZSNFI_0016,,1,Feb,5,,
,PROD,,ZSNFI_0023,,1,Feb,35,,
,PROD,,ZSNFI_0036,,1,Feb,113,,
,PROD,,ZSNFI_0038,,1,Feb,74,,
,PROD,,ZSNFI_0047,,1,Feb,889,,
,PROD,,ZSNFI_0050,,1,Feb,4900,,
,PROD,,ZSNFI_0052,,1,Feb,2,,
,PROD,,ZSNFI_0053,,1,Feb,628,,
,PROD,,ZSNFI_0055,,1,Feb,8,,
,PROD,,ZSNFI_0056,,1,Feb,3,,
,PROD,,ZSNFI_0060,,1,Feb,502,,
,PROD,,ZSNFI_0061,,1,Feb,6662,,
,PROD,,ZSNFI_0062,,1,Feb,433,,
,PROD,,ZSNFI_0063,,1,Feb,23,,
,PROD,,ZSNFI_0064,,1,Feb,397,,
,PROD,,ZSNFI_0065,,1,Feb,34,,
,PROD,,ZSNFI_0066,,1,Feb,135,,
,PROD,,ZSNFI_0067,,1,Feb,77,,
,PROD,,ZSNFI_0068,,1,Feb,1359,,
,PROD,,ZSNFI_0074,,1,Feb,324,,
,PROD,,ZSNFI_0076,,1,Feb,5,,
,PROD,,ZSNFI_0077,,1,Feb,29,,
,PROD,,ZSNFI_0078,,1,Feb,107,,
,PROD,,ZSNFI_0081,,1,Feb,1398,,
,PROD,,ZSNFI_0082,,1,Feb,7387,,
,PROD,,ZSNFI_0083,,1,Feb,28,,
,PROD,,ZSNFI_0084,,1,Feb,816,,
,PROD,,ZSNFI_0086,,1,Feb,8,,
,PROD,,ZSNFI_0087,,1,Feb,95,,
,PROD,,ZSNFI_0088,,1,Feb,12,,
,PROD,,ZSNFI_0089,,1,Feb,54,,
,PROD,,ZSNFI_0093,,1,Feb,909,,
,PROD,,ZSNFI_0100,,1,Feb,302,,
,PROD,,ZSNFI_0101,,1,Feb,99,,
,PROD,,ZSNFI_0102,,1,Feb,163,,
,PROD,,ZSNFI_0104,,1,Feb,1221,,
,PROD,,ZSNFI_0105,,1,Feb,190,,
,PROD,,ZSNFI_0106,,1,Feb,273,,
,PROD,,ZSNFI_0107,,1,Feb,1819,,
,PROD,,ZSNFI_0108,,1,Feb,1277,,
,PROD,,ZSNFI_0111,,1,Feb,3934,,
,PROD,,ZSNFI_0112,,1,Feb,2875,,
,PROD,,ZSNFI_0113,,1,Feb,719,,
,PROD,,ZSNFI_0114,,1,Feb,1,,
,PROD,,ZSNFI_0116,,1,Feb,384,,
,PROD,,ZSNFI_0117,,1,Feb,158,,
,PROD,,ZSNFI_0118,,1,Feb,129,,
,PROD,,ZSNFI_0122,,1,Feb,380,,
,PROD,,ZSNFI_0123,,1,Feb,50,,
,PROD,,ZSNFI_0125,,1,Feb,45,,
,PROD,,ZSNFI_0127,,1,Feb,79,,
,PROD,,ZSNFI_0128,,1,Feb,1571,,
,PROD,,ZSNFI_0129,,1,Feb,101,,
,PROD,,ZSNFI_0130,,1,Feb,527,,
,PROD,,ZSNFI_0133,,1,Feb,195,,
,PROD,,ZSNFI_0134,,1,Feb,78,,
,PROD,,ZSNFI_0135,,1,Feb,215,,
,PROD,,ZSNFI_0136,,1,Feb,30,,
,PROD,,ZSNFI_0201,,1,Feb,92,,
,PROD,,ZSNFI_0202,,1,Feb,7,,
,PROD,,ZSNFI_ZAO0005,,3,Feb,197,,
,PROD,,ZSNFI_ZAO0008,,6,Feb,5,,
,PROD,,ZSNFI_ZAO0009,,1,Feb,1,,
,PROD,,ZSNFI_ZAO0024,,1,Feb,2,,
,PROD,,ZSNFI_ZAO0025,,1,Feb,1,,
,PROD,,ZSNFI_ZAO0026,,13,Feb,17703,,
,PROD,,ZSNFI_ZAR0008,,1,Feb,1,,
,PROD,,ZSNFI_ZAR0010,,15,Feb,6,,
,PROD,,ZSNFI_ZAR0023,,1,Feb,56,,
,PROD,,ZSNFI_ZAS0005,,207,Feb,141,,
,PROD,,ZSNMM_0002,,1,Feb,425,,
,PROD,,ZSNMM_0005,,1,Feb,5810,,
,PROD,,ZSNMM_0007,,1,Feb,2200,,
,PROD,,ZSNMM_0008,,1,Feb,2390,,
,PROD,,ZSNMM_0012,,1,Feb,260,,
,PROD,,ZSNMM_0016,,1,Feb,1,,
,PROD,,ZSNMM_0017,,1,Feb,159,,
,PROD,,ZSNMM_0018,,1,Feb,38,,
,PROD,,ZSNMM_0019,,1,Feb,463,,
,PROD,,ZSNMM_0020,,1,Feb,2,,
,PROD,,ZSNMM_ZAR0015,,2,Feb,23379,,
,PROD,,ZSNSD_0004,,1,Feb,2,,
,PROD,,ZSNSD_0006,,1,Feb,10,,
,PROD,,ZSNSD_0008,,1,Feb,18,,
,PROD,,ZSNSD_0012,,1,Feb,102,,
,PROD,,ZSNSD_ZAO0001,,1,Feb,1,,
,PROD,,ZSNSD_ZAO0002,,15,Feb,1937,,
,PROD,,ZSOD_V2,,1,Feb,43,,
,PROD,,ZTNCO_0005,,1,Feb,23,,
,PROD,,ZTNFI_0003,,1,Feb,2,,
,PROD,,ZTNFI_0004,,1,Feb,1,,
,PROD,,ZTNFI_0005,,1,Feb,112,,
,PROD,,ZTNFI_0009,,1,Feb,31,,
,PROD,,ZTNFI_0011,,1,Feb,109,,
,PROD,,ZTNFI_0016,,1,Feb,1786,,
,PROD,,ZTNFI_0018,,1,Feb,276,,
,PROD,,ZTNFI_0019,,1,Feb,5,,
,PROD,,ZTNFI_0020,,1,Feb,83,,
,PROD,,ZTNFI_0021,,1,Feb,2,,
,PROD,,ZTNFI_0022,,1,Feb,125,,
,PROD,,ZTNFI_0034,,1,Feb,2,,
,PROD,,ZTNFI_0041,,1,Feb,25,,
,PROD,,ZTNFI_0042,,1,Feb,1,,
,PROD,,ZTNFI_0050,,1,Feb,27,,
,PROD,,ZTNFI_0051,,1,Feb,2,,
,PROD,,ZTNFI_0053,,1,Feb,684,,
,PROD,,ZTNFI_0054,,1,Feb,6826,,
,PROD,,ZTNFI_0071,,1,Feb,5,,
,PROD,,ZTNFI_0072,,1,Feb,1,,
,PROD,,ZTNFI_ZAN0001,,2,Feb,309,,
,PROD,,ZTNFI_ZAO0006,,2,Feb,258,,
,PROD,,ZTNFI_ZAR0007,,1,Feb,1,,
,PROD,,ZTNMM_0002,,1,Feb,8,,
,PROD,,ZTNMM_0003,,1,Feb,1,,
,PROD,,ZTNMM_0004,,1,Feb,2,,
,PROD,,ZTNMM_0007,,1,Feb,362,,
,PROD,,ZTNMM_0009,,1,Feb,3386,,
,PROD,,ZTNMM_0010,,1,Feb,8509,,
,PROD,,ZTNMM_0011,,1,Feb,1519,,
,PROD,,ZTNMM_0015,,1,Feb,2,,
,PROD,,ZTNMM_0016,,1,Feb,18,,
,PROD,,ZTNMM_0031,,1,Feb,12331,,
,PROD,,ZTNMM_0037,,1,Feb,30,,
,PROD,,ZTNMM_0038,,1,Feb,90,,
,PROD,,ZTNMM_0048,,1,Feb,641,,
,PROD,,ZTNMM_0050,,1,Feb,16,,
,PROD,,ZTNMM_0051,,1,Feb,16,,
,PROD,,ZTNMM_0052,,1,Feb,423,,
,PROD,,ZTNMM_0056,,1,Feb,128,,
,PROD,,ZTNMM_ZAE0001,,4,Feb,84492,,
,PROD,,ZTNMM_ZAN0002,,20,Feb,81,,
,PROD,,ZTNMM_ZAO0001,,1,Feb,11,,
,PROD,,ZTNMM_ZAO0010,,1,Feb,18,,
,PROD,,ZTNMM_ZAO0015,,1,Feb,1,,
,PROD,,ZTNSD_0006,,1,Feb,2787,,
,PROD,,ZTNSD_0014,,1,Feb,895,,
,PROD,,ZTNSD_0017,,1,Feb,197,,
,PROD,,ZTNSD_0019,,1,Feb,206,,
,PROD,,ZTNSD_0020,,1,Feb,6,,
,PROD,,ZTNSD_0021,,1,Feb,763,,
,PROD,,ZTNSD_0022,,1,Feb,40000,,
,PROD,,ZTNSD_0023,,1,Feb,49492,,
,PROD,,ZTNSD_0037,,1,Feb,38,,
,PROD,,ZTNSD_0047,,1,Feb,324,,
,PROD,,ZTNSD_0049,,1,Feb,8,,
,PROD,,ZTNSD_0056,,1,Feb,1,,
,PROD,,ZTNSD_0059,,1,Feb,9,,
,PROD,,ZTNSD_0060,,1,Feb,1,,
,PROD,,ZTNSD_ZAB0011,,91,Feb,80,,
,PROD,,ZTNSD_ZAE0006,,1,Feb,12587,,
,PROD,,ZTNSD_ZAN0002,,1,Feb,2067,,
,PROD,,ZTNSD_ZAO0001,,1,Feb,189,,
,PROD,,ZTNSD_ZAO0002,,1,Feb,134,,
,PROD,,ZTNSD_ZAO0005,,1,Feb,5850,,
,PROD,,ZTNSD_ZAO0007,,1,Feb,1,,
,PROD,,ZTNSD_ZAO0008,,1,Feb,70,,
,PROD,,ZTNSD_ZAO0009,,1,Feb,2393,,
,PROD,,ZTNSD_ZAO0010,,1,Feb,903,,
,PROD,,ZTNSD_ZAO0011,,1,Feb,1536,,
,PROD,,ZTNSD_ZAO0012,,1,Feb,7758,,
,PROD,,ZTNSD_ZAO0014,,1,Feb,124,,
,PROD,,ZTNSD_ZAO0015,,1,Feb,2,,
,PROD,,ZTNSD_ZAO0016,,1,Feb,78,,
,PROD,,ZTNSD_ZAO0018,,1,Feb,202,,
,PROD,,ZTNSD_ZAO0030,,1,Feb,64159,,
,PROD,,ZTNSD_ZAR0054,,2,Feb,154,,
,PROD,,ZVNFI_0001,,1,Feb,228,,
,PROD,,ZVNFI_0002,,1,Feb,1,,
,PROD,,ZVNFI_ZAB0001,,1,Feb,126,,
,PROD,,ZVNSD_0001,,1,Feb,6,,
,PROD,,ZVNSD_0004,,1,Feb,39,,
,PROD,,ZWADATIS,,1,Feb,867,,
