ID,sapServer,usage,databaseServer,programName,activeUsersOfTheProgram,noOfTimesThePgmRunForTheMonth,executionMonth,currentRunningTimeinCPUSeconds,energyConsumptioninMWH,co2EmissioninMG
1,,PROD,,Y0GBC_ZAR0003,,1,Jan,18,,0.009
2,,PROD,,Y0GSD_0001,,1,Jan,6393,,3.1965
3,,PROD,,Y0NBC_0001,,1,Jan,34,,0.017
4,,PROD,,Y0NBC_0004,,1,Jan,12,,0.006
5,,PROD,,Y0NBC_ZAB0001,,1,Jan,2,,0.001
6,,PROD,,Y0NBC_ZAR0027,,2,Jan,605,,0.3025
7,,PROD,,Y0NBC_ZAR0028,,3,Jan,319,,0.1595
8,,PROD,,Y0NCO_0013,,1,Jan,9,,0.0045
9,,PROD,,Y0NCO_0017,,1,Jan,914,,0.457
10,,PROD,,Y0NFI_0002,,1,Jan,27,,0.0135
11,,PROD,,Y0NFI_0003,,1,Jan,9,,0.0045
12,,PROD,,Y0NFI_0006,,1,Jan,7,,0.0035
13,,PROD,,Y0NFI_0008,,1,Jan,58,,0.029
14,,PROD,,Y0NFI_0009,,1,Jan,4,,0.002
15,,PROD,,Y0NFI_0010,,1,Jan,3,,0.0015
16,,PROD,,Y0NFI_0013,,1,Jan,2775,,1.3875
17,,PROD,,Y0NFI_0014,,1,Jan,3132,,1.566
18,,PROD,,Y0NFI_0015,,1,Jan,5,,0.0025
19,,PROD,,Y0NFI_0017,,1,Jan,1,,0.0005
20,,PROD,,Y0NFI_0018,,1,Jan,1,,0.0005
21,,PROD,,Y0NFI_0020,,1,Jan,22,,0.011
22,,PROD,,Y0NFI_0022,,1,Jan,11,,0.0055
23,,PROD,,Y0NFI_0030,,1,Jan,6,,0.003
24,,PROD,,Y0NFI_0032,,1,Jan,7,,0.0035
25,,PROD,,Y0NFI_0037,,1,Jan,101,,0.0505
26,,PROD,,Y0NFI_0040,,1,Jan,1,,0.0005
27,,PROD,,Y0NFI_0043,,1,Jan,1,,0.0005
28,,PROD,,Y0NFI_0060,,1,Jan,15,,0.0075
29,,PROD,,Y0NFI_0082,,1,Jan,11,,0.0055
30,,PROD,,Y0NFI_0083,,1,Jan,26,,0.013
31,,PROD,,Y0NFI_0089,,1,Jan,23,,0.0115
32,,PROD,,Y0NFI_0095,,1,Jan,1,,0.0005
33,,PROD,,Y0NFI_0104,,1,Jan,6830,,3.415
34,,PROD,,Y0NFI_0106,,1,Jan,91856,,45.928
35,,PROD,,Y0NFI_0111,,1,Jan,1,,0.0005
36,,PROD,,Y0NFI_0120,,1,Jan,5460,,2.73
37,,PROD,,Y0NFI_0121,,1,Jan,1921,,0.9605
38,,PROD,,Y0NFI_0122,,1,Jan,3677,,1.8385
39,,PROD,,Y0NFI_0127,,1,Jan,497,,0.2485
40,,PROD,,Y0NFI_0128,,1,Jan,963,,0.4815
41,,PROD,,Y0NFI_0131,,1,Jan,3300,,1.65
42,,PROD,,Y0NFI_0133,,1,Jan,6906,,3.453
43,,PROD,,Y0NFI_0139,,1,Jan,2880,,1.44
44,,PROD,,Y0NFI_0140,,1,Jan,4,,0.002
45,,PROD,,Y0NFI_0177,,1,Jan,30685,,15.3425
46,,PROD,,Y0NFI_0178,,1,Jan,4,,0.002
47,,PROD,,Y0NFI_0206,,1,Jan,2,,0.001
48,,PROD,,Y0NFI_0209,,1,Jan,340,,0.17
49,,PROD,,Y0NFI_0220,,1,Jan,37742,,18.871
50,,PROD,,Y0NFI_0226,,1,Jan,1220,,0.61
51,,PROD,,Y0NFI_0227,,1,Jan,2350,,1.175
52,,PROD,,Y0NFI_0231,,1,Jan,7,,0.0035
53,,PROD,,Y0NFI_0234,,1,Jan,389,,0.1945
54,,PROD,,Y0NFI_0237,,1,Jan,19,,0.0095
55,,PROD,,Y0NFI_0238,,1,Jan,1,,0.0005
56,,PROD,,Y0NFI_0240,,1,Jan,3825,,1.9125
57,,PROD,,Y0NFI_02401,,1,Jan,2239,,1.1195
58,,PROD,,Y0NFI_0241,,1,Jan,13,,0.0065
59,,PROD,,Y0NFI_0242,,1,Jan,2,,0.001
60,,PROD,,Y0NFI_0243,,1,Jan,4,,0.002
61,,PROD,,Y0NFI_02431,,1,Jan,5,,0.0025
62,,PROD,,Y0NFI_0245,,1,Jan,21,,0.0105
63,,PROD,,Y0NFI_0286,,1,Jan,280,,0.14
64,,PROD,,Y0NFI_0291_COPY,,1,Jan,12,,0.006
65,,PROD,,Y0NFI_0299,,1,Jan,7,,0.0035
66,,PROD,,Y0NFI_0303,,1,Jan,13,,0.0065
67,,PROD,,Y0NFI_0304,,1,Jan,1,,0.0005
68,,PROD,,Y0NFI_0310,,1,Jan,60,,0.03
69,,PROD,,Y0NFI_0313,,1,Jan,1,,0.0005
70,,PROD,,Y0NFI_0314,,1,Jan,478,,0.239
71,,PROD,,Y0NFI_0323,,1,Jan,4478,,2.239
72,,PROD,,Y0NFI_0330,,1,Jan,41,,0.0205
73,,PROD,,Y0NFI_0331,,1,Jan,430,,0.215
74,,PROD,,Y0NFI_0332,,1,Jan,2,,0.001
75,,PROD,,Y0NFI_0336,,1,Jan,35,,0.0175
76,,PROD,,Y0NFI_ZAB0011,,10,Jan,65,,0.0325
77,,PROD,,Y0NFI_ZAB0012,,7,Jan,30,,0.015
78,,PROD,,Y0NFI_ZAB0013,,28,Jan,290,,0.145
79,,PROD,,Y0NFI_ZAN0004,,5,Jan,45,,0.0225
80,,PROD,,Y0NFI_ZAN0105,,2,Jan,215,,0.1075
81,,PROD,,Y0NFI_ZAO0003,,1,Jan,2,,0.001
82,,PROD,,Y0NFI_ZAO0011,,1,Jan,4,,0.002
83,,PROD,,Y0NFI_ZAO0021,,4,Jan,887,,0.4435
84,,PROD,,Y0NFI_ZAO0023,,3,Jan,2820,,1.41
85,,PROD,,Y0NFI_ZAO0101,,2,Jan,253,,0.1265
86,,PROD,,Y0NFI_ZAO0110,,2,Jan,5,,0.0025
87,,PROD,,Y0NFI_ZAO0116,,3,Jan,128,,0.064
88,,PROD,,Y0NFI_ZAO0206,,3,Jan,23,,0.0115
89,,PROD,,Y0NFI_ZAO0212,,1,Jan,59143,,29.5715
90,,PROD,,Y0NFI_ZAO0220,,3,Jan,3,,0.0015
91,,PROD,,Y0NFI_ZAR0001,,2,Jan,425,,0.2125
92,,PROD,,Y0NFI_ZAR0002,,1,Jan,69,,0.0345
93,,PROD,,Y0NFI_ZAR0020,,7,Jan,16752,,8.376
94,,PROD,,Y0NFI_ZAR0038,,2,Jan,1156,,0.578
95,,PROD,,Y0NFI_ZAR0040,,17,Jan,153574,,76.787
96,,PROD,,Y0NFI_ZAR0059,,2,Jan,18573,,9.2865
97,,PROD,,Y0NFI_ZAR0069,,1,Jan,156,,0.078
98,,PROD,,Y0NFI_ZAR0127,,8,Jan,412,,0.206
99,,PROD,,Y0NFI_ZAR0128,,7,Jan,352,,0.176
100,,PROD,,Y0NFI_ZAR0130,,3,Jan,155,,0.0775
101,,PROD,,Y0NFI_ZAR0212,,2,Jan,5616,,2.808
102,,PROD,,Y0NFI_ZAR0216,,1,Jan,20,,0.01
103,,PROD,,Y0NFI_ZAR0279,,1,Jan,1,,0.0005
104,,PROD,,Y0NFI_ZAR218_COPY,,2,Jan,36,,0.018
105,,PROD,,Y0NMM_0004,,1,Jan,2183,,1.0915
106,,PROD,,Y0NMM_0005,,1,Jan,398,,0.199
107,,PROD,,Y0NMM_0012,,1,Jan,317,,0.1585
108,,PROD,,Y0NMM_0014,,1,Jan,228,,0.114
109,,PROD,,Y0NMM_0015,,1,Jan,67,,0.0335
110,,PROD,,Y0NMM_0016,,1,Jan,56,,0.028
111,,PROD,,Y0NMM_0018,,1,Jan,23,,0.0115
112,,PROD,,Y0NMM_0022,,1,Jan,273,,0.1365
113,,PROD,,Y0NMM_0026,,1,Jan,98,,0.049
114,,PROD,,Y0NMM_0037,,1,Jan,76,,0.038
115,,PROD,,Y0NMM_0039,,1,Jan,68,,0.034
116,,PROD,,Y0NMM_0040,,1,Jan,80,,0.04
117,,PROD,,Y0NMM_0042,,1,Jan,87,,0.0435
118,,PROD,,Y0NMM_0043,,1,Jan,1,,0.0005
119,,PROD,,Y0NMM_0045,,1,Jan,7498,,3.749
120,,PROD,,Y0NMM_0048,,1,Jan,8,,0.004
121,,PROD,,Y0NMM_0053,,1,Jan,7488,,3.744
122,,PROD,,Y0NMM_0056,,1,Jan,99613,,49.8065
123,,PROD,,Y0NMM_0057,,1,Jan,89,,0.0445
124,,PROD,,Y0NMM_0063,,1,Jan,44,,0.022
125,,PROD,,Y0NMM_0070,,1,Jan,97,,0.0485
126,,PROD,,Y0NMM_0073,,1,Jan,1,,0.0005
127,,PROD,,Y0NMM_0075,,1,Jan,645,,0.3225
128,,PROD,,Y0NMM_0076,,1,Jan,22912,,11.456
129,,PROD,,Y0NMM_0082,,1,Jan,852,,0.426
130,,PROD,,Y0NMM_0083,,1,Jan,1602,,0.801
131,,PROD,,Y0NMM_0085,,1,Jan,112,,0.056
132,,PROD,,Y0NMM_0086,,1,Jan,17,,0.0085
133,,PROD,,Y0NMM_0088,,1,Jan,17,,0.0085
134,,PROD,,Y0NMM_0089,,1,Jan,1,,0.0005
135,,PROD,,Y0NMM_0095,,1,Jan,3,,0.0015
136,,PROD,,Y0NMM_0105,,1,Jan,631,,0.3155
137,,PROD,,Y0NMM_0106,,1,Jan,7,,0.0035
138,,PROD,,Y0NMM_0109,,1,Jan,27,,0.0135
139,,PROD,,Y0NMM_0110,,1,Jan,5705,,2.8525
140,,PROD,,Y0NMM_0111,,1,Jan,1,,0.0005
141,,PROD,,Y0NMM_0114,,1,Jan,4,,0.002
142,,PROD,,Y0NMM_0213,,1,Jan,2,,0.001
143,,PROD,,Y0NMM_0215,,1,Jan,56523,,28.2615
144,,PROD,,Y0NMM_0218,,1,Jan,1,,0.0005
145,,PROD,,Y0NMM_0219,,1,Jan,11,,0.0055
146,,PROD,,Y0NMM_0224,,1,Jan,74,,0.037
147,,PROD,,Y0NMM_0228,,1,Jan,82,,0.041
148,,PROD,,Y0NMM_0233,,1,Jan,238,,0.119
149,,PROD,,Y0NMM_0234,,1,Jan,26,,0.013
150,,PROD,,Y0NMM_0237,,1,Jan,2,,0.001
151,,PROD,,Y0NMM_0238,,1,Jan,3,,0.0015
152,,PROD,,Y0NMM_0242,,1,Jan,2,,0.001
153,,PROD,,Y0NMM_0246,,1,Jan,51,,0.0255
154,,PROD,,Y0NMM_0264,,1,Jan,11,,0.0055
155,,PROD,,Y0NMM_0266,,1,Jan,4,,0.002
156,,PROD,,Y0NMM_0267,,1,Jan,9,,0.0045
157,,PROD,,Y0NMM_0270,,1,Jan,1,,0.0005
158,,PROD,,Y0NMM_T0103,,1,Jan,15,,0.0075
159,,PROD,,Y0NMM_ZAB0002,,2,Jan,38,,0.019
160,,PROD,,Y0NMM_ZAC0006=================CP,,1,Jan,37,,0.0185
161,,PROD,,Y0NMM_ZAE0001,,33,Jan,129,,0.0645
162,,PROD,,Y0NMM_ZAE0003,,1,Jan,5,,0.0025
163,,PROD,,Y0NMM_ZAN0001,,10,Jan,25,,0.0125
164,,PROD,,Y0NMM_ZAN0008,,4,Jan,3,,0.0015
165,,PROD,,Y0NMM_ZAO0002,,9,Jan,14,,0.007
166,,PROD,,Y0NMM_ZAO0003,,9,Jan,170,,0.085
167,,PROD,,Y0NMM_ZAO0004,,19,Jan,74367,,37.1835
168,,PROD,,Y0NMM_ZAO0005,,6,Jan,27,,0.0135
169,,PROD,,Y0NMM_ZAO0008,,1,Jan,11,,0.0055
170,,PROD,,Y0NMM_ZAO0016,,15,Jan,22,,0.011
171,,PROD,,Y0NMM_ZAO0017,,17,Jan,78446,,39.223
172,,PROD,,Y0NMM_ZAO0020,,3,Jan,67,,0.0335
173,,PROD,,Y0NMM_ZAO0021,,3,Jan,1379,,0.6895
174,,PROD,,Y0NMM_ZAO0025,,6,Jan,14185,,7.0925
175,,PROD,,Y0NMM_ZAO0026,,5,Jan,10859,,5.4295
176,,PROD,,Y0NMM_ZAO0027,,15,Jan,8785,,4.3925
177,,PROD,,Y0NMM_ZAO0028,,7,Jan,124,,0.062
178,,PROD,,Y0NMM_ZAO0029,,8,Jan,166,,0.083
179,,PROD,,Y0NMM_ZAO0030,,2,Jan,685,,0.3425
180,,PROD,,Y0NMM_ZAO0031,,8,Jan,59,,0.0295
181,,PROD,,Y0NMM_ZAO0032,,2,Jan,23,,0.0115
182,,PROD,,Y0NMM_ZAO0203,,2,Jan,7,,0.0035
183,,PROD,,Y0NMM_ZAR0002,,24,Jan,198,,0.099
184,,PROD,,Y0NMM_ZAR0014,,1,Jan,2,,0.001
185,,PROD,,Y0NMM_ZAR0018,,1,Jan,45,,0.0225
186,,PROD,,Y0NMM_ZAR0020,,10,Jan,179244,,89.622
187,,PROD,,Y0NMM_ZAR0029,,19,Jan,374,,0.187
188,,PROD,,Y0NMM_ZAR0030,,2,Jan,755,,0.3775
189,,PROD,,Y0NMM_ZAR0031,,1,Jan,105,,0.0525
190,,PROD,,Y0NMM_ZAR0036,,1,Jan,51,,0.0255
191,,PROD,,Y0NMM_ZAR0043,,4,Jan,102,,0.051
192,,PROD,,Y0NMM_ZAR0210,,3,Jan,2155,,1.0775
193,,PROD,,Y0NMM_ZAR0220,,7,Jan,9663,,4.8315
194,,PROD,,Y0NMM_ZAR0230,,1,Jan,6723,,3.3615
195,,PROD,,Y0NMM_ZAR0233,,2,Jan,33,,0.0165
196,,PROD,,Y0NPR_0001,,1,Jan,307,,0.1535
197,,PROD,,Y0NPR_0002,,1,Jan,795,,0.3975
198,,PROD,,Y0NPR_0003,,1,Jan,2,,0.001
199,,PROD,,Y0NPR_0013,,1,Jan,307,,0.1535
200,,PROD,,Y0NPR_0014,,1,Jan,43,,0.0215
201,,PROD,,Y0NSD_0012,,1,Jan,28958,,14.479
202,,PROD,,Y0NSD_0013,,1,Jan,1,,0.0005
203,,PROD,,Y0NSD_0014,,1,Jan,2,,0.001
204,,PROD,,Y0NSD_0016,,1,Jan,13128,,6.564
205,,PROD,,Y0NSD_0017,,1,Jan,4965,,2.4825
206,,PROD,,Y0NSD_0019,,1,Jan,6,,0.003
207,,PROD,,Y0NSD_0029,,1,Jan,6989,,3.4945
208,,PROD,,Y0NSD_0030,,1,Jan,31,,0.0155
209,,PROD,,Y0NSD_0031,,1,Jan,1,,0.0005
210,,PROD,,Y0NSD_0032,,1,Jan,9,,0.0045
211,,PROD,,Y0NSD_0040,,1,Jan,655,,0.3275
212,,PROD,,Y0NSD_0041,,1,Jan,296939,,148.4695
213,,PROD,,Y0NSD_0043,,1,Jan,21,,0.0105
214,,PROD,,Y0NSD_0047,,1,Jan,4694,,2.347
215,,PROD,,Y0NSD_0051,,1,Jan,19629,,9.8145
216,,PROD,,Y0NSD_0055,,1,Jan,214,,0.107
217,,PROD,,Y0NSD_0056,,1,Jan,3,,0.0015
218,,PROD,,Y0NSD_0060,,1,Jan,106,,0.053
219,,PROD,,Y0NSD_0063,,1,Jan,102,,0.051
220,,PROD,,Y0NSD_0065,,1,Jan,6797,,3.3985
221,,PROD,,Y0NSD_0066,,1,Jan,48,,0.024
222,,PROD,,Y0NSD_0069,,1,Jan,4,,0.002
223,,PROD,,Y0NSD_0071,,1,Jan,1,,0.0005
224,,PROD,,Y0NSD_0072,,1,Jan,8750,,4.375
225,,PROD,,Y0NSD_0077,,1,Jan,15572,,7.786
226,,PROD,,Y0NSD_0079,,1,Jan,3,,0.0015
227,,PROD,,Y0NSD_0080,,1,Jan,24,,0.012
228,,PROD,,Y0NSD_0081,,1,Jan,87,,0.0435
229,,PROD,,Y0NSD_0085,,1,Jan,3,,0.0015
230,,PROD,,Y0NSD_0086,,1,Jan,156,,0.078
231,,PROD,,Y0NSD_0102,,1,Jan,12,,0.006
232,,PROD,,Y0NSD_0120,,1,Jan,15,,0.0075
233,,PROD,,Y0NSD_0203,,1,Jan,103340,,51.67
234,,PROD,,Y0NSD_0216,,1,Jan,631,,0.3155
235,,PROD,,Y0NSD_0220,,1,Jan,6,,0.003
236,,PROD,,Y0NSD_0223,,1,Jan,614,,0.307
237,,PROD,,Y0NSD_0229,,1,Jan,302,,0.151
238,,PROD,,Y0NSD_0233,,1,Jan,3702,,1.851
239,,PROD,,Y0NSD_0234,,1,Jan,258,,0.129
240,,PROD,,Y0NSD_0235,,1,Jan,17,,0.0085
241,,PROD,,Y0NSD_0236,,1,Jan,12,,0.006
242,,PROD,,Y0NSD_0240,,1,Jan,5,,0.0025
243,,PROD,,Y0NSD_SD70AV1A,,1,Jan,1002,,0.501
244,,PROD,,Y0NSD_ZAB0001,,4,Jan,2332,,1.166
245,,PROD,,Y0NSD_ZAB0007,,7,Jan,34,,0.017
246,,PROD,,Y0NSD_ZAB0008,,1,Jan,99,,0.0495
247,,PROD,,Y0NSD_ZAB0201,,2,Jan,899,,0.4495
248,,PROD,,Y0NSD_ZAB0202,,4,Jan,729998,,364.999
249,,PROD,,Y0NSD_ZAB0205,,1,Jan,267,,0.1335
250,,PROD,,Y0NSD_ZAB0206,,1,Jan,133,,0.0665
251,,PROD,,Y0NSD_ZAB0207,,1,Jan,81,,0.0405
252,,PROD,,Y0NSD_ZAD0036,,1,Jan,43,,0.0215
253,,PROD,,Y0NSD_ZAO0001,,11,Jan,7560,,3.78
254,,PROD,,Y0NSD_ZAO0002,,5,Jan,2,,0.001
255,,PROD,,Y0NSD_ZAO0005,,6,Jan,31133,,15.5665
256,,PROD,,Y0NSD_ZAO0009,,44,Jan,30361,,15.1805
257,,PROD,,Y0NSD_ZAO0011,,7,Jan,54623,,27.3115
258,,PROD,,Y0NSD_ZAO0012,,1,Jan,38,,0.019
259,,PROD,,Y0NSD_ZAO0020,,7,Jan,828,,0.414
260,,PROD,,Y0NSD_ZAO0021,,24,Jan,4092,,2.046
261,,PROD,,Y0NSD_ZAO0024,,9,Jan,1672,,0.836
262,,PROD,,Y0NSD_ZAO0035,,5,Jan,5481,,2.7405
263,,PROD,,Y0NSD_ZAO0203,,2,Jan,52,,0.026
264,,PROD,,Y0NSD_ZAR0002,,6,Jan,23,,0.0115
265,,PROD,,Y0NSD_ZAR0003,,7,Jan,42,,0.021
266,,PROD,,Y0NSD_ZAR0004,,12,Jan,36989,,18.4945
267,,PROD,,Y0NSD_ZAR0013,,15,Jan,24765,,12.3825
268,,PROD,,Y0NSD_ZAR0023,,5,Jan,7840,,3.92
269,,PROD,,Y0NSD_ZAR0120,,13,Jan,22452,,11.226
270,,PROD,,Y0NSD_ZAR0124,,1,Jan,1,,0.0005
271,,PROD,,Y0NSD_ZAR0203,,1,Jan,3996,,1.998
272,,PROD,,Y0NSD_ZAR0204_1,,2,Jan,79598,,39.799
273,,PROD,,Y0NSD_ZAR0205,,1,Jan,21,,0.0105
274,,PROD,,Y0NSD_ZAR0234,,1,Jan,287,,0.1435
275,,PROD,,Y0NSD_ZAS0002,,16,Jan,24405,,12.2025
276,,PROD,,Y0NSD_ZAS0003,,9,Jan,17465,,8.7325
277,,PROD,,Y0NVX_0000,,1,Jan,329,,0.1645
278,,PROD,,Y0NVX_0006,,1,Jan,1414,,0.707
279,,PROD,,Y0NVX_0018,,1,Jan,120315,,60.1575
280,,PROD,,Y0NVX_0020,,1,Jan,13261,,6.6305
281,,PROD,,Y0NVX_0026,,1,Jan,2412,,1.206
282,,PROD,,Y0NVX_0028,,1,Jan,768,,0.384
283,,PROD,,Y0NVX_0029,,1,Jan,96,,0.048
284,,PROD,,Y0NVX_0045,,1,Jan,78,,0.039
285,,PROD,,Y0NVX_0064,,1,Jan,1079,,0.5395
286,,PROD,,Y0NVX_0068,,1,Jan,1450,,0.725
287,,PROD,,Y0NVX_0069,,1,Jan,72427,,36.2135
288,,PROD,,Y0NVX_0077,,1,Jan,10,,0.005
289,,PROD,,Y0NVX_0078,,1,Jan,2,,0.001
290,,PROD,,Y0NVX_0081,,1,Jan,1235,,0.6175
291,,PROD,,Y0NVX_0084,,1,Jan,857,,0.4285
292,,PROD,,Y0NVX_0090,,1,Jan,2548,,1.274
293,,PROD,,Y0NVX_0091,,1,Jan,48,,0.024
294,,PROD,,Y0NVX_0093,,1,Jan,51,,0.0255
295,,PROD,,Y0NVX_0096,,1,Jan,58,,0.029
296,,PROD,,Y0NVX_0099,,1,Jan,13814,,6.907
297,,PROD,,Y0NVX_0110,,1,Jan,70,,0.035
298,,PROD,,Y0NVX_IPPCR_CREATE,,2,Jan,9312,,4.656
299,,PROD,,Y0NVX_IPPCR_CREATE_PARALLEL,,1,Jan,40,,0.02
300,,PROD,,Y0NVX_KUL_STATUS,,1,Jan,6,,0.003
301,,PROD,,Y0NVX_LIL_STATUS,,1,Jan,5,,0.0025
302,,PROD,,Y0NVX_PDL_STATUS,,1,Jan,39,,0.0195
303,,PROD,,Y0NVX_ZAR0016,,1,Jan,1530,,0.765
304,,PROD,,Y0NVX_ZAR0017,,1,Jan,901,,0.4505
305,,PROD,,Y0NVX_ZAR0049,,1,Jan,4,,0.002
306,,PROD,,Y0NVX_ZAR0071,,53,Jan,2028,,1.014
307,,PROD,,Y0NVX_ZAR0072,,1,Jan,131,,0.0655
308,,PROD,,Y0NVX_ZAR0073,,1,Jan,15,,0.0075
309,,PROD,,Y0NVX_ZAR0076,,3,Jan,324,,0.162
310,,PROD,,Y0NVX_ZAR0081,,1,Jan,6156,,3.078
311,,PROD,,Y0NVX_ZAR0090,,2,Jan,9,,0.0045
312,,PROD,,Y0NVX_ZAR0093,,2,Jan,4138,,2.069
313,,PROD,,Y0NVX_ZAR0103,,1,Jan,4108,,2.054
314,,PROD,,Y0NVX_ZAR0135,,1,Jan,124,,0.062
315,,PROD,,Y0NVX_ZAR0137,,2,Jan,210,,0.105
316,,PROD,,Y0NWM_0002,,1,Jan,2346,,1.173
317,,PROD,,Y0NWM_0002/99/MOBILE.css,,2,Jan,2,,0.001
318,,PROD,,Y0NWM_0003,,1,Jan,7764,,3.882
319,,PROD,,Y0NWM_0005,,1,Jan,11,,0.0055
320,,PROD,,Y0NWM_0007,,1,Jan,87,,0.0435
321,,PROD,,Y0NWM_0009,,1,Jan,242,,0.121
322,,PROD,,Y0NWM_0010,,1,Jan,2230,,1.115
323,,PROD,,Y0NWM_0011,,1,Jan,8403,,4.2015
324,,PROD,,Y0NWM_0012,,1,Jan,126,,0.063
325,,PROD,,Y0NWM_0013,,1,Jan,212,,0.106
326,,PROD,,Y0NWM_0015,,1,Jan,86,,0.043
327,,PROD,,Y0NWM_0016,,1,Jan,2,,0.001
328,,PROD,,Y0NWM_0018,,1,Jan,156,,0.078
329,,PROD,,Y0NWM_0021,,1,Jan,93,,0.0465
330,,PROD,,Y0NWM_0022,,1,Jan,233,,0.1165
331,,PROD,,Y0NWM_0023,,1,Jan,2,,0.001
332,,PROD,,Y0NWM_0025,,1,Jan,4136,,2.068
333,,PROD,,Y0NWM_0028,,1,Jan,176,,0.088
334,,PROD,,Y0NWM_0029,,1,Jan,3,,0.0015
335,,PROD,,Y0NWM_0031,,1,Jan,1595,,0.7975
336,,PROD,,Y0NWM_0033,,1,Jan,70,,0.035
337,,PROD,,Y0NWM_0035,,1,Jan,46,,0.023
338,,PROD,,Y0NWM_0036,,1,Jan,10,,0.005
339,,PROD,,Y0NWM_0038,,1,Jan,4154,,2.077
340,,PROD,,Y0NWM_0039,,1,Jan,7,,0.0035
341,,PROD,,Y0NWM_0040,,1,Jan,17,,0.0085
342,,PROD,,Y0NWM_0041,,1,Jan,72,,0.036
343,,PROD,,Y0NWM_0042,,1,Jan,139,,0.0695
344,,PROD,,Y0NWM_0043,,1,Jan,21,,0.0105
345,,PROD,,Y0NWM_0044,,1,Jan,1,,0.0005
346,,PROD,,Y0NWM_0046,,1,Jan,14,,0.007
347,,PROD,,Y0NWM_0047,,1,Jan,1,,0.0005
348,,PROD,,Y0NWM_0048,,1,Jan,3,,0.0015
349,,PROD,,Y0NWM_ZAR0013,,5,Jan,69,,0.0345
350,,PROD,,Y0NWM_ZAR0021,,2,Jan,2033,,1.0165
351,,PROD,,Y0PRD_0004,,1,Jan,2,,0.001
352,,PROD,,Y0PRIDE_0011,,1,Jan,29,,0.0145
353,,PROD,,Z_INACTIVE,,1,Jan,1,,0.0005
354,,PROD,,Z_USER_ROLE_TCODE,,1,Jan,179,,0.0895
355,,PROD,,Z_USER_TCODE,,1,Jan,115,,0.0575
356,,PROD,,ZCLJOBMON_ALERT_EMAIL_ENH=====CP,,1,Jan,1,,0.0005
357,,PROD,,ZMNFI_0006,,1,Jan,21,,0.0105
358,,PROD,,ZMNFI_0014,,1,Jan,670,,0.335
359,,PROD,,ZMNMM_0007,,1,Jan,58,,0.029
360,,PROD,,ZMNMM_0009,,1,Jan,29,,0.0145
361,,PROD,,ZMNMM_ZAR0041,,1,Jan,489,,0.2445
362,,PROD,,ZMNMM_ZAR0043,,1,Jan,21,,0.0105
363,,PROD,,ZMNSD_0003,,1,Jan,265,,0.1325
364,,PROD,,ZMNSD_0004,,1,Jan,812,,0.406
365,,PROD,,ZMNSD_0006,,1,Jan,27,,0.0135
366,,PROD,,ZMNSD_0008,,1,Jan,6,,0.003
367,,PROD,,ZMNSD_0009,,1,Jan,1995,,0.9975
368,,PROD,,ZMNSD_ZAR0007,,2,Jan,5201,,2.6005
369,,PROD,,ZPNFI_ZAB0001,,1,Jan,27,,0.0135
370,,PROD,,ZRNFI_0002,,1,Jan,50,,0.025
371,,PROD,,ZRNFI_0006,,1,Jan,6,,0.003
372,,PROD,,ZRNFI_0007,,1,Jan,4780,,2.39
373,,PROD,,ZRNFI_0010,,1,Jan,1397,,0.6985
374,,PROD,,ZRNFI_0023,,1,Jan,44,,0.022
375,,PROD,,ZRNFI_0024,,1,Jan,5317,,2.6585
376,,PROD,,ZRNFI_0026,,1,Jan,13,,0.0065
377,,PROD,,ZRNFI_0027,,1,Jan,104,,0.052
378,,PROD,,ZRNFI_0029,,1,Jan,1,,0.0005
379,,PROD,,ZRNFI_0030,,1,Jan,2,,0.001
380,,PROD,,ZRNFI_0031,,1,Jan,1536,,0.768
381,,PROD,,ZRNFI_0035,,1,Jan,2095,,1.0475
382,,PROD,,ZRNFI_ZAO0005,,1,Jan,2753,,1.3765
383,,PROD,,ZRNFI_ZAO0008,,1,Jan,157,,0.0785
384,,PROD,,ZRNFI_ZAO0009,,1,Jan,288,,0.144
385,,PROD,,ZRNFI_ZAR0006,,2,Jan,213348,,106.674
386,,PROD,,ZRNMM_0001,,1,Jan,89,,0.0445
387,,PROD,,ZRNMM_0002,,1,Jan,103,,0.0515
388,,PROD,,ZRNMM_0003,,1,Jan,157,,0.0785
389,,PROD,,ZRNMM_0005,,1,Jan,60,,0.03
390,,PROD,,ZRNMM_0006,,1,Jan,71,,0.0355
391,,PROD,,ZRNMM_0009,,1,Jan,270,,0.135
392,,PROD,,ZRNMM_0012,,1,Jan,234,,0.117
393,,PROD,,ZRNMM_0013,,1,Jan,3,,0.0015
394,,PROD,,ZRNMM_0014,,1,Jan,26,,0.013
395,,PROD,,ZRNMM_0015,,1,Jan,125,,0.0625
396,,PROD,,ZRNMM_ZAO0003,,2,Jan,26407,,13.2035
397,,PROD,,ZRNMM_ZAO0004,,3,Jan,80266,,40.133
398,,PROD,,ZRNMM_ZAO0005,,2,Jan,806,,0.403
399,,PROD,,ZRNMM_ZAO0006,,1,Jan,3,,0.0015
400,,PROD,,ZRNSD_0006,,1,Jan,4109,,2.0545
401,,PROD,,ZRNSD_0007,,1,Jan,8,,0.004
402,,PROD,,ZRNSD_0008,,1,Jan,25,,0.0125
403,,PROD,,ZRNSD_0009,,1,Jan,4155,,2.0775
404,,PROD,,ZRNSD_0011,,1,Jan,388,,0.194
405,,PROD,,ZRNSD_0012,,1,Jan,2,,0.001
406,,PROD,,ZRNSD_0013,,1,Jan,29534,,14.767
407,,PROD,,ZRNSD_0017,,1,Jan,5,,0.0025
408,,PROD,,ZRNSD_0018,,1,Jan,899,,0.4495
409,,PROD,,ZRNSD_0019,,1,Jan,41298,,20.649
410,,PROD,,ZRNSD_0025,,1,Jan,1,,0.0005
411,,PROD,,ZRNSD_ZAB0001,,1,Jan,13,,0.0065
412,,PROD,,ZRNSD_ZAO0001,,1,Jan,10,,0.005
413,,PROD,,ZRNSD_ZAO0003,,3,Jan,431511,,215.7555
414,,PROD,,ZRNSD_ZAO0004,,1,Jan,5,,0.0025
415,,PROD,,ZRNSD_ZAO0005,,1,Jan,1073,,0.5365
416,,PROD,,ZRNSD_ZAO0006,,4,Jan,235452,,117.726
417,,PROD,,ZRNSD_ZAR0008,,2,Jan,1940,,0.97
418,,PROD,,ZSGBMR_WBSPOSTING,,1,Jan,44,,0.022
419,,PROD,,ZSNDS_0002,,1,Jan,8,,0.004
420,,PROD,,ZSNDS_0003,,1,Jan,11,,0.0055
421,,PROD,,ZSNDS_0006,,1,Jan,31,,0.0155
422,,PROD,,ZSNDS_0013,,1,Jan,5003,,2.5015
423,,PROD,,ZSNDS_0016,,1,Jan,63,,0.0315
424,,PROD,,ZSNDS_0019,,1,Jan,7,,0.0035
425,,PROD,,ZSNDS_0023,,1,Jan,15,,0.0075
426,,PROD,,ZSNDS_0026,,1,Jan,2,,0.001
427,,PROD,,ZSNDS_0029,,1,Jan,19,,0.0095
428,,PROD,,ZSNDS_0030,,1,Jan,922,,0.461
429,,PROD,,ZSNDS_0032,,1,Jan,12,,0.006
430,,PROD,,ZSNDS_0041,,1,Jan,76,,0.038
431,,PROD,,ZSNDS_0043,,1,Jan,71,,0.0355
432,,PROD,,ZSNDS_ZAB0003,,1,Jan,3619,,1.8095
433,,PROD,,ZSNDS_ZAI0001,,1,Jan,108,,0.054
434,,PROD,,ZSNDS_ZAO0001,,1,Jan,13,,0.0065
435,,PROD,,ZSNDS_ZAO0002,,1,Jan,127,,0.0635
436,,PROD,,ZSNDS_ZAO0003,,1,Jan,1090,,0.545
437,,PROD,,ZSNDS_ZAR0010,,3,Jan,1133,,0.5665
438,,PROD,,ZSNDS_ZAR0015,,23,Jan,548,,0.274
439,,PROD,,ZSNDS_ZAR0018,,3,Jan,1736,,0.868
440,,PROD,,ZSNDS_ZAR0019,,2,Jan,29,,0.0145
441,,PROD,,ZSNDS_ZAR0020,,7,Jan,72,,0.036
442,,PROD,,ZSNDS_ZAR0022,,3,Jan,5564,,2.782
443,,PROD,,ZSNDS_ZAR0023,,1,Jan,9,,0.0045
444,,PROD,,ZSNDS_ZAR0046,,1,Jan,1,,0.0005
445,,PROD,,ZSNDS_ZAR0048,,2,Jan,2,,0.001
446,,PROD,,ZSNFI_0005,,1,Jan,6,,0.003
447,,PROD,,ZSNFI_0016,,1,Jan,6,,0.003
448,,PROD,,ZSNFI_0021,,1,Jan,15,,0.0075
449,,PROD,,ZSNFI_0023,,1,Jan,38,,0.019
450,,PROD,,ZSNFI_0024,,1,Jan,1,,0.0005
451,,PROD,,ZSNFI_0036,,1,Jan,176,,0.088
452,,PROD,,ZSNFI_0038,,1,Jan,252,,0.126
453,,PROD,,ZSNFI_0047,,1,Jan,2291,,1.1455
454,,PROD,,ZSNFI_0050,,1,Jan,5632,,2.816
455,,PROD,,ZSNFI_0053,,1,Jan,495,,0.2475
456,,PROD,,ZSNFI_0054,,1,Jan,3,,0.0015
457,,PROD,,ZSNFI_0055,,1,Jan,8,,0.004
458,,PROD,,ZSNFI_0056,,1,Jan,8,,0.004
459,,PROD,,ZSNFI_0060,,1,Jan,690,,0.345
460,,PROD,,ZSNFI_0061,,1,Jan,11379,,5.6895
461,,PROD,,ZSNFI_0062,,1,Jan,373,,0.1865
462,,PROD,,ZSNFI_0063,,1,Jan,16,,0.008
463,,PROD,,ZSNFI_0064,,1,Jan,597,,0.2985
464,,PROD,,ZSNFI_0065,,1,Jan,109,,0.0545
465,,PROD,,ZSNFI_0066,,1,Jan,157,,0.0785
466,,PROD,,ZSNFI_0067,,1,Jan,98,,0.049
467,,PROD,,ZSNFI_0068,,1,Jan,2354,,1.177
468,,PROD,,ZSNFI_0074,,1,Jan,871,,0.4355
469,,PROD,,ZSNFI_0076,,1,Jan,4,,0.002
470,,PROD,,ZSNFI_0077,,1,Jan,26,,0.013
471,,PROD,,ZSNFI_0078,,1,Jan,85,,0.0425
472,,PROD,,ZSNFI_0081,,1,Jan,1624,,0.812
473,,PROD,,ZSNFI_0082,,1,Jan,3070,,1.535
474,,PROD,,ZSNFI_0084,,1,Jan,677,,0.3385
475,,PROD,,ZSNFI_0086,,1,Jan,8,,0.004
476,,PROD,,ZSNFI_0087,,1,Jan,170,,0.085
477,,PROD,,ZSNFI_0088,,1,Jan,13,,0.0065
478,,PROD,,ZSNFI_0089,,1,Jan,339,,0.1695
479,,PROD,,ZSNFI_0100,,1,Jan,552,,0.276
480,,PROD,,ZSNFI_0101,,1,Jan,224,,0.112
481,,PROD,,ZSNFI_0102,,1,Jan,156,,0.078
482,,PROD,,ZSNFI_0104,,1,Jan,643,,0.3215
483,,PROD,,ZSNFI_0105,,1,Jan,164,,0.082
484,,PROD,,ZSNFI_0106,,1,Jan,302,,0.151
485,,PROD,,ZSNFI_0107,,1,Jan,1517,,0.7585
486,,PROD,,ZSNFI_0108,,1,Jan,3284,,1.642
487,,PROD,,ZSNFI_0111,,1,Jan,2003,,1.0015
488,,PROD,,ZSNFI_0112,,1,Jan,2992,,1.496
489,,PROD,,ZSNFI_0113,,1,Jan,120,,0.06
490,,PROD,,ZSNFI_0114,,1,Jan,1,,0.0005
491,,PROD,,ZSNFI_0116,,1,Jan,526,,0.263
492,,PROD,,ZSNFI_0117,,1,Jan,111,,0.0555
493,,PROD,,ZSNFI_0122,,1,Jan,205,,0.1025
494,,PROD,,ZSNFI_0123,,1,Jan,60,,0.03
495,,PROD,,ZSNFI_0127,,1,Jan,169,,0.0845
496,,PROD,,ZSNFI_0128,,1,Jan,4430,,2.215
497,,PROD,,ZSNFI_0129,,1,Jan,61,,0.0305
498,,PROD,,ZSNFI_0130,,1,Jan,912,,0.456
499,,PROD,,ZSNFI_0133,,1,Jan,226,,0.113
500,,PROD,,ZSNFI_0134,,1,Jan,149,,0.0745
501,,PROD,,ZSNFI_0135,,1,Jan,203,,0.1015
502,,PROD,,ZSNFI_0136,,1,Jan,85,,0.0425
503,,PROD,,ZSNFI_0201,,1,Jan,128,,0.064
504,,PROD,,ZSNFI_0202,,1,Jan,7,,0.0035
505,,PROD,,ZSNFI_ZAO0005,,3,Jan,214,,0.107
506,,PROD,,ZSNFI_ZAO0008,,5,Jan,5,,0.0025
507,,PROD,,ZSNFI_ZAO0009,,2,Jan,1,,0.0005
508,,PROD,,ZSNFI_ZAO0024,,1,Jan,2,,0.001
509,,PROD,,ZSNFI_ZAO0025,,1,Jan,1,,0.0005
510,,PROD,,ZSNFI_ZAO0026,,11,Jan,20240,,10.12
511,,PROD,,ZSNFI_ZAR0007,,2,Jan,6446,,3.223
512,,PROD,,ZSNFI_ZAR0008,,1,Jan,1,,0.0005
513,,PROD,,ZSNFI_ZAR0010,,15,Jan,7,,0.0035
514,,PROD,,ZSNFI_ZAR0023,,1,Jan,60,,0.03
515,,PROD,,ZSNFI_ZAS0005,,224,Jan,153,,0.0765
516,,PROD,,ZSNMM_0002,,1,Jan,276,,0.138
517,,PROD,,ZSNMM_0005,,1,Jan,3952,,1.976
518,,PROD,,ZSNMM_0007,,1,Jan,6870,,3.435
519,,PROD,,ZSNMM_0008,,1,Jan,1983,,0.9915
520,,PROD,,ZSNMM_0012,,1,Jan,223,,0.1115
521,,PROD,,ZSNMM_0016,,1,Jan,1,,0.0005
522,,PROD,,ZSNMM_0017,,1,Jan,442,,0.221
523,,PROD,,ZSNMM_0018,,1,Jan,44,,0.022
524,,PROD,,ZSNMM_0019,,1,Jan,1002,,0.501
525,,PROD,,ZSNMM_0020,,1,Jan,3,,0.0015
526,,PROD,,ZSNMM_0021,,1,Jan,2,,0.001
527,,PROD,,ZSNMM_ZAR0015,,2,Jan,25643,,12.8215
528,,PROD,,ZSNSD_0004,,1,Jan,1,,0.0005
529,,PROD,,ZSNSD_0006,,1,Jan,9,,0.0045
530,,PROD,,ZSNSD_0008,,1,Jan,13,,0.0065
531,,PROD,,ZSNSD_0009,,1,Jan,40,,0.02
532,,PROD,,ZSNSD_0012,,1,Jan,103,,0.0515
533,,PROD,,ZSNSD_ZAO0001,,1,Jan,2,,0.001
534,,PROD,,ZSNSD_ZAO0002,,15,Jan,2355,,1.1775
535,,PROD,,ZSOD_V2,,1,Jan,36,,0.018
536,,PROD,,ZTNCO_0001,,1,Jan,4,,0.002
537,,PROD,,ZTNCO_0005,,1,Jan,41,,0.0205
538,,PROD,,ZTNFI_0003,,1,Jan,3,,0.0015
539,,PROD,,ZTNFI_0004,,1,Jan,1,,0.0005
540,,PROD,,ZTNFI_0005,,1,Jan,105,,0.0525
541,,PROD,,ZTNFI_0009,,1,Jan,35,,0.0175
542,,PROD,,ZTNFI_0011,,1,Jan,113,,0.0565
543,,PROD,,ZTNFI_0016,,1,Jan,12368,,6.184
544,,PROD,,ZTNFI_0016R,,1,Jan,2,,0.001
545,,PROD,,ZTNFI_0018,,1,Jan,209,,0.1045
546,,PROD,,ZTNFI_0019,,1,Jan,48,,0.024
547,,PROD,,ZTNFI_0020,,1,Jan,345,,0.1725
548,,PROD,,ZTNFI_0021,,1,Jan,2,,0.001
549,,PROD,,ZTNFI_0022,,1,Jan,162,,0.081
550,,PROD,,ZTNFI_0034,,1,Jan,1,,0.0005
551,,PROD,,ZTNFI_0041,,1,Jan,31,,0.0155
552,,PROD,,ZTNFI_0050,,1,Jan,29,,0.0145
553,,PROD,,ZTNFI_0051,,1,Jan,1,,0.0005
554,,PROD,,ZTNFI_0053,,1,Jan,880,,0.44
555,,PROD,,ZTNFI_0054,,1,Jan,7106,,3.553
556,,PROD,,ZTNFI_0071,,1,Jan,3,,0.0015
557,,PROD,,ZTNFI_0075,,1,Jan,7,,0.0035
558,,PROD,,ZTNFI_ZAN0001,,1,Jan,229,,0.1145
559,,PROD,,ZTNFI_ZAO0006,,2,Jan,284,,0.142
560,,PROD,,ZTNFI_ZAR0007,,2,Jan,1,,0.0005
561,,PROD,,ZTNMM_0002,,1,Jan,3,,0.0015
562,,PROD,,ZTNMM_0004,,1,Jan,3,,0.0015
563,,PROD,,ZTNMM_0007,,1,Jan,493,,0.2465
564,,PROD,,ZTNMM_0009,,1,Jan,3220,,1.61
565,,PROD,,ZTNMM_0010,,1,Jan,8134,,4.067
566,,PROD,,ZTNMM_0011,,1,Jan,1461,,0.7305
567,,PROD,,ZTNMM_0015,,1,Jan,2,,0.001
568,,PROD,,ZTNMM_0016,,1,Jan,25,,0.0125
569,,PROD,,ZTNMM_0031,,1,Jan,10918,,5.459
570,,PROD,,ZTNMM_0037,,1,Jan,53,,0.0265
571,,PROD,,ZTNMM_0038,,1,Jan,30,,0.015
572,,PROD,,ZTNMM_0048,,1,Jan,640,,0.32
573,,PROD,,ZTNMM_0049,,1,Jan,1,,0.0005
574,,PROD,,ZTNMM_0050,,1,Jan,30,,0.015
575,,PROD,,ZTNMM_0051,,1,Jan,113,,0.0565
576,,PROD,,ZTNMM_0052,,1,Jan,422,,0.211
577,,PROD,,ZTNMM_0056,,1,Jan,196,,0.098
578,,PROD,,ZTNMM_0058,,1,Jan,263,,0.1315
579,,PROD,,ZTNMM_ZAE0001,,4,Jan,88954,,44.477
580,,PROD,,ZTNMM_ZAN0002,,21,Jan,86,,0.043
581,,PROD,,ZTNMM_ZAO0001,,1,Jan,11,,0.0055
582,,PROD,,ZTNMM_ZAO0010,,1,Jan,16,,0.008
583,,PROD,,ZTNMM_ZAO0015,,1,Jan,1,,0.0005
584,,PROD,,ZTNSD_0006,,1,Jan,1805,,0.9025
585,,PROD,,ZTNSD_0014,,1,Jan,1598,,0.799
586,,PROD,,ZTNSD_0017,,1,Jan,206,,0.103
587,,PROD,,ZTNSD_0019,,1,Jan,247,,0.1235
588,,PROD,,ZTNSD_0020,,1,Jan,9,,0.0045
589,,PROD,,ZTNSD_0021,,1,Jan,7636,,3.818
590,,PROD,,ZTNSD_0022,,1,Jan,44319,,22.1595
591,,PROD,,ZTNSD_0023,,1,Jan,69460,,34.73
592,,PROD,,ZTNSD_0037,,1,Jan,41,,0.0205
593,,PROD,,ZTNSD_0047,,1,Jan,303,,0.1515
594,,PROD,,ZTNSD_0049,,1,Jan,5,,0.0025
595,,PROD,,ZTNSD_0056,,1,Jan,40,,0.02
596,,PROD,,ZTNSD_0059,,1,Jan,13,,0.0065
597,,PROD,,ZTNSD_0060,,1,Jan,1,,0.0005
598,,PROD,,ZTNSD_ZAB0011,,86,Jan,518,,0.259
599,,PROD,,ZTNSD_ZAE0006,,1,Jan,14099,,7.0495
600,,PROD,,ZTNSD_ZAN0002,,1,Jan,2155,,1.0775
601,,PROD,,ZTNSD_ZAO0001,,1,Jan,174,,0.087
602,,PROD,,ZTNSD_ZAO0002,,1,Jan,139,,0.0695
603,,PROD,,ZTNSD_ZAO0005,,1,Jan,4390,,2.195
604,,PROD,,ZTNSD_ZAO0007,,1,Jan,1,,0.0005
605,,PROD,,ZTNSD_ZAO0008,,1,Jan,74,,0.037
606,,PROD,,ZTNSD_ZAO0009,,1,Jan,2583,,1.2915
607,,PROD,,ZTNSD_ZAO0010,,1,Jan,952,,0.476
608,,PROD,,ZTNSD_ZAO0011,,1,Jan,1647,,0.8235
609,,PROD,,ZTNSD_ZAO0012,,1,Jan,8363,,4.1815
610,,PROD,,ZTNSD_ZAO0014,,1,Jan,116,,0.058
611,,PROD,,ZTNSD_ZAO0015,,1,Jan,2,,0.001
612,,PROD,,ZTNSD_ZAO0016,,1,Jan,83,,0.0415
613,,PROD,,ZTNSD_ZAO0018,,1,Jan,169,,0.0845
614,,PROD,,ZTNSD_ZAO0030,,1,Jan,64589,,32.2945
615,,PROD,,ZTNSD_ZAR0054,,2,Jan,157,,0.0785
616,,PROD,,ZVNFI_0001,,1,Jan,86,,0.043
617,,PROD,,ZVNFI_0002,,1,Jan,4,,0.002
618,,PROD,,ZVNFI_0003,,1,Jan,218,,0.109
619,,PROD,,ZVNFI_ZAB0001,,1,Jan,197,,0.0985
620,,PROD,,ZVNSD_0001,,1,Jan,6,,0.003
621,,PROD,,ZVNSD_0002,,1,Jan,1,,0.0005
622,,PROD,,ZVNSD_0004,,1,Jan,28,,0.014
623,,PROD,,ZWADATIS,,1,Jan,885,,0.4425
624,,PROD,,Y0GBC_ZAR0003,,1,Feb,18,,0.009
625,,PROD,,Y0GSD_0001,,1,Feb,5119,,2.5595
626,,PROD,,Y0NBC_0001,,1,Feb,37,,0.0185
627,,PROD,,Y0NBC_0004,,1,Feb,18,,0.009
628,,PROD,,Y0NBC_ZAB0001,,1,Feb,15,,0.0075
629,,PROD,,Y0NBC_ZAR0027,,1,Feb,54,,0.027
630,,PROD,,Y0NBC_ZAR0028,,3,Feb,241,,0.1205
631,,PROD,,Y0NCO_0013,,1,Feb,9,,0.0045
632,,PROD,,Y0NCO_0017,,1,Feb,3257,,1.6285
633,,PROD,,Y0NFI_0002,,1,Feb,5,,0.0025
634,,PROD,,Y0NFI_0003,,1,Feb,12,,0.006
635,,PROD,,Y0NFI_0005,,1,Feb,1,,0.0005
636,,PROD,,Y0NFI_0006,,1,Feb,37,,0.0185
637,,PROD,,Y0NFI_0008,,1,Feb,7,,0.0035
638,,PROD,,Y0NFI_0009,,1,Feb,12,,0.006
639,,PROD,,Y0NFI_0013,,1,Feb,1957,,0.9785
640,,PROD,,Y0NFI_0014,,1,Feb,4169,,2.0845
641,,PROD,,Y0NFI_0015,,1,Feb,4,,0.002
642,,PROD,,Y0NFI_0017,,1,Feb,1,,0.0005
643,,PROD,,Y0NFI_0020,,1,Feb,25,,0.0125
644,,PROD,,Y0NFI_0022,,1,Feb,10,,0.005
645,,PROD,,Y0NFI_0030,,1,Feb,16,,0.008
646,,PROD,,Y0NFI_0032,,1,Feb,5,,0.0025
647,,PROD,,Y0NFI_0037,,1,Feb,87,,0.0435
648,,PROD,,Y0NFI_0040,,1,Feb,1,,0.0005
649,,PROD,,Y0NFI_0043,,1,Feb,4,,0.002
650,,PROD,,Y0NFI_0060,,1,Feb,9,,0.0045
651,,PROD,,Y0NFI_0082,,1,Feb,15,,0.0075
652,,PROD,,Y0NFI_0083,,1,Feb,28,,0.014
653,,PROD,,Y0NFI_0089,,1,Feb,11,,0.0055
654,,PROD,,Y0NFI_0104,,1,Feb,4674,,2.337
655,,PROD,,Y0NFI_0106,,1,Feb,44628,,22.314
656,,PROD,,Y0NFI_0120,,1,Feb,3318,,1.659
657,,PROD,,Y0NFI_0121,,1,Feb,1824,,0.912
658,,PROD,,Y0NFI_0122,,1,Feb,962,,0.481
659,,PROD,,Y0NFI_0126,,1,Feb,1,,0.0005
660,,PROD,,Y0NFI_0127,,1,Feb,473,,0.2365
661,,PROD,,Y0NFI_0128,,1,Feb,986,,0.493
662,,PROD,,Y0NFI_0131,,1,Feb,1992,,0.996
663,,PROD,,Y0NFI_0133,,1,Feb,6133,,3.0665
664,,PROD,,Y0NFI_0137,,1,Feb,4,,0.002
665,,PROD,,Y0NFI_0139,,1,Feb,787,,0.3935
666,,PROD,,Y0NFI_0177,,1,Feb,11539,,5.7695
667,,PROD,,Y0NFI_0178,,1,Feb,312,,0.156
668,,PROD,,Y0NFI_0206,,1,Feb,2,,0.001
669,,PROD,,Y0NFI_0209,,1,Feb,423,,0.2115
670,,PROD,,Y0NFI_0220,,1,Feb,25694,,12.847
671,,PROD,,Y0NFI_0226,,1,Feb,1781,,0.8905
672,,PROD,,Y0NFI_0231,,1,Feb,7,,0.0035
673,,PROD,,Y0NFI_0234,,1,Feb,121,,0.0605
674,,PROD,,Y0NFI_0237,,1,Feb,10,,0.005
675,,PROD,,Y0NFI_0240,,1,Feb,2965,,1.4825
676,,PROD,,Y0NFI_02401,,1,Feb,1308,,0.654
677,,PROD,,Y0NFI_0242,,1,Feb,3,,0.0015
678,,PROD,,Y0NFI_0243,,1,Feb,2,,0.001
679,,PROD,,Y0NFI_02431,,1,Feb,3,,0.0015
680,,PROD,,Y0NFI_0245,,1,Feb,29,,0.0145
681,,PROD,,Y0NFI_0286,,1,Feb,391,,0.1955
682,,PROD,,Y0NFI_0291_COPY,,1,Feb,9,,0.0045
683,,PROD,,Y0NFI_0299,,1,Feb,10,,0.005
684,,PROD,,Y0NFI_0303,,1,Feb,58,,0.029
685,,PROD,,Y0NFI_0310,,1,Feb,198,,0.099
686,,PROD,,Y0NFI_0314,,1,Feb,255,,0.1275
687,,PROD,,Y0NFI_0323,,1,Feb,367,,0.1835
688,,PROD,,Y0NFI_0330,,1,Feb,25,,0.0125
689,,PROD,,Y0NFI_0331,,1,Feb,394,,0.197
690,,PROD,,Y0NFI_0336,,1,Feb,75,,0.0375
691,,PROD,,Y0NFI_0351,,1,Feb,1,,0.0005
692,,PROD,,Y0NFI_ZAB0011,,9,Feb,59,,0.0295
693,,PROD,,Y0NFI_ZAB0012,,7,Feb,26,,0.013
694,,PROD,,Y0NFI_ZAB0013,,28,Feb,239,,0.1195
695,,PROD,,Y0NFI_ZAN0004,,5,Feb,43,,0.0215
696,,PROD,,Y0NFI_ZAN0105,,2,Feb,151,,0.0755
697,,PROD,,Y0NFI_ZAO0003,,2,Feb,2,,0.001
698,,PROD,,Y0NFI_ZAO0011,,1,Feb,3,,0.0015
699,,PROD,,Y0NFI_ZAO0021,,3,Feb,749,,0.3745
700,,PROD,,Y0NFI_ZAO0023,,2,Feb,3292,,1.646
701,,PROD,,Y0NFI_ZAO0101,,1,Feb,237,,0.1185
702,,PROD,,Y0NFI_ZAO0110,,2,Feb,7,,0.0035
703,,PROD,,Y0NFI_ZAO0116,,3,Feb,63,,0.0315
704,,PROD,,Y0NFI_ZAO0206,,2,Feb,20,,0.01
705,,PROD,,Y0NFI_ZAO0212,,1,Feb,57117,,28.5585
706,,PROD,,Y0NFI_ZAO0220,,3,Feb,2,,0.001
707,,PROD,,Y0NFI_ZAR0001,,1,Feb,447,,0.2235
708,,PROD,,Y0NFI_ZAR0002,,1,Feb,69,,0.0345
709,,PROD,,Y0NFI_ZAR0020,,7,Feb,18775,,9.3875
710,,PROD,,Y0NFI_ZAR0038,,2,Feb,1158,,0.579
711,,PROD,,Y0NFI_ZAR0040,,17,Feb,89999,,44.9995
712,,PROD,,Y0NFI_ZAR0059,,2,Feb,17657,,8.8285
713,,PROD,,Y0NFI_ZAR0069,,1,Feb,167,,0.0835
714,,PROD,,Y0NFI_ZAR0070,,2,Feb,28,,0.014
715,,PROD,,Y0NFI_ZAR0127,,7,Feb,370,,0.185
716,,PROD,,Y0NFI_ZAR0128,,7,Feb,358,,0.179
717,,PROD,,Y0NFI_ZAR0130,,1,Feb,35,,0.0175
718,,PROD,,Y0NFI_ZAR0212,,2,Feb,5743,,2.8715
719,,PROD,,Y0NFI_ZAR0279,,2,Feb,1,,0.0005
720,,PROD,,Y0NFI_ZAR218_COPY,,2,Feb,51,,0.0255
721,,PROD,,Y0NMM_0004,,1,Feb,850,,0.425
722,,PROD,,Y0NMM_0005,,1,Feb,818,,0.409
723,,PROD,,Y0NMM_0008,,1,Feb,4,,0.002
724,,PROD,,Y0NMM_0012,,1,Feb,415,,0.2075
725,,PROD,,Y0NMM_0014,,1,Feb,171,,0.0855
726,,PROD,,Y0NMM_0015,,1,Feb,105,,0.0525
727,,PROD,,Y0NMM_0016,,1,Feb,46,,0.023
728,,PROD,,Y0NMM_0017,,1,Feb,2,,0.001
729,,PROD,,Y0NMM_0018,,1,Feb,15,,0.0075
730,,PROD,,Y0NMM_0022,,1,Feb,519,,0.2595
731,,PROD,,Y0NMM_0026,,1,Feb,122,,0.061
732,,PROD,,Y0NMM_0037,,1,Feb,56,,0.028
733,,PROD,,Y0NMM_0039,,1,Feb,68,,0.034
734,,PROD,,Y0NMM_0040,,1,Feb,78,,0.039
735,,PROD,,Y0NMM_0042,,1,Feb,194,,0.097
736,,PROD,,Y0NMM_0045,,1,Feb,7958,,3.979
737,,PROD,,Y0NMM_0048,,1,Feb,2,,0.001
738,,PROD,,Y0NMM_0053,,1,Feb,3701,,1.8505
739,,PROD,,Y0NMM_0054,,1,Feb,8,,0.004
740,,PROD,,Y0NMM_0056,,1,Feb,89311,,44.6555
741,,PROD,,Y0NMM_0057,,1,Feb,120,,0.06
742,,PROD,,Y0NMM_0063,,1,Feb,62,,0.031
743,,PROD,,Y0NMM_0065,,1,Feb,4,,0.002
744,,PROD,,Y0NMM_0066,,1,Feb,1,,0.0005
745,,PROD,,Y0NMM_0070,,1,Feb,149,,0.0745
746,,PROD,,Y0NMM_0073,,1,Feb,1,,0.0005
747,,PROD,,Y0NMM_0075,,1,Feb,614,,0.307
748,,PROD,,Y0NMM_0076,,1,Feb,15308,,7.654
749,,PROD,,Y0NMM_0082,,1,Feb,740,,0.37
750,,PROD,,Y0NMM_0083,,1,Feb,543,,0.2715
751,,PROD,,Y0NMM_0085,,1,Feb,215,,0.1075
752,,PROD,,Y0NMM_0086,,1,Feb,1346,,0.673
753,,PROD,,Y0NMM_0088,,1,Feb,16,,0.008
754,,PROD,,Y0NMM_0089,,1,Feb,1,,0.0005
755,,PROD,,Y0NMM_0105,,1,Feb,1398,,0.699
756,,PROD,,Y0NMM_0109,,1,Feb,653,,0.3265
757,,PROD,,Y0NMM_0110,,1,Feb,1166,,0.583
758,,PROD,,Y0NMM_0111,,1,Feb,17,,0.0085
759,,PROD,,Y0NMM_0114,,1,Feb,4,,0.002
760,,PROD,,Y0NMM_0213,,1,Feb,2,,0.001
761,,PROD,,Y0NMM_0215,,1,Feb,49698,,24.849
762,,PROD,,Y0NMM_0219,,1,Feb,16,,0.008
763,,PROD,,Y0NMM_0224,,1,Feb,78,,0.039
764,,PROD,,Y0NMM_0228,,1,Feb,11,,0.0055
765,,PROD,,Y0NMM_0233,,1,Feb,7,,0.0035
766,,PROD,,Y0NMM_0238,,1,Feb,4,,0.002
767,,PROD,,Y0NMM_0242,,1,Feb,1,,0.0005
768,,PROD,,Y0NMM_0246,,1,Feb,34,,0.017
769,,PROD,,Y0NMM_0264,,1,Feb,20,,0.01
770,,PROD,,Y0NMM_T0103,,1,Feb,3,,0.0015
771,,PROD,,Y0NMM_ZAB0002,,2,Feb,29,,0.0145
772,,PROD,,Y0NMM_ZAC0006=================CP,,1,Feb,39,,0.0195
773,,PROD,,Y0NMM_ZAE0001,,33,Feb,127,,0.0635
774,,PROD,,Y0NMM_ZAE0003,,1,Feb,4,,0.002
775,,PROD,,Y0NMM_ZAN0001,,10,Feb,19,,0.0095
776,,PROD,,Y0NMM_ZAN0008,,4,Feb,3,,0.0015
777,,PROD,,Y0NMM_ZAO0002,,9,Feb,13,,0.0065
778,,PROD,,Y0NMM_ZAO0003,,9,Feb,163,,0.0815
779,,PROD,,Y0NMM_ZAO0004,,19,Feb,65410,,32.705
780,,PROD,,Y0NMM_ZAO0005,,6,Feb,26,,0.013
781,,PROD,,Y0NMM_ZAO0008,,1,Feb,10,,0.005
782,,PROD,,Y0NMM_ZAO0016,,14,Feb,33,,0.0165
783,,PROD,,Y0NMM_ZAO0017,,17,Feb,70464,,35.232
784,,PROD,,Y0NMM_ZAO0020,,3,Feb,61,,0.0305
785,,PROD,,Y0NMM_ZAO0021,,3,Feb,1291,,0.6455
786,,PROD,,Y0NMM_ZAO0025,,6,Feb,12863,,6.4315
787,,PROD,,Y0NMM_ZAO0026,,5,Feb,9740,,4.87
788,,PROD,,Y0NMM_ZAO0027,,15,Feb,8289,,4.1445
789,,PROD,,Y0NMM_ZAO0028,,7,Feb,114,,0.057
790,,PROD,,Y0NMM_ZAO0029,,8,Feb,151,,0.0755
791,,PROD,,Y0NMM_ZAO0030,,2,Feb,618,,0.309
792,,PROD,,Y0NMM_ZAO0031,,7,Feb,52,,0.026
793,,PROD,,Y0NMM_ZAO0032,,2,Feb,21,,0.0105
794,,PROD,,Y0NMM_ZAO0203,,2,Feb,7,,0.0035
795,,PROD,,Y0NMM_ZAR0002,,24,Feb,182,,0.091
796,,PROD,,Y0NMM_ZAR0014,,1,Feb,2,,0.001
797,,PROD,,Y0NMM_ZAR0018,,1,Feb,37,,0.0185
798,,PROD,,Y0NMM_ZAR0020,,10,Feb,164617,,82.3085
799,,PROD,,Y0NMM_ZAR0029,,19,Feb,118,,0.059
800,,PROD,,Y0NMM_ZAR0030,,2,Feb,679,,0.3395
801,,PROD,,Y0NMM_ZAR0031,,1,Feb,89,,0.0445
802,,PROD,,Y0NMM_ZAR0036,,1,Feb,52,,0.026
803,,PROD,,Y0NMM_ZAR0043,,4,Feb,92,,0.046
804,,PROD,,Y0NMM_ZAR0210,,3,Feb,1986,,0.993
805,,PROD,,Y0NMM_ZAR0220,,7,Feb,8946,,4.473
806,,PROD,,Y0NMM_ZAR0230,,1,Feb,6364,,3.182
807,,PROD,,Y0NMM_ZAR0233,,2,Feb,35,,0.0175
808,,PROD,,Y0NPR_0001,,1,Feb,331,,0.1655
809,,PROD,,Y0NPR_0002,,1,Feb,724,,0.362
810,,PROD,,Y0NPR_0003,,1,Feb,5,,0.0025
811,,PROD,,Y0NPR_0013,,1,Feb,555,,0.2775
812,,PROD,,Y0NPR_0014,,1,Feb,1577,,0.7885
813,,PROD,,Y0NSD_0012,,1,Feb,16906,,8.453
814,,PROD,,Y0NSD_0014,,1,Feb,38,,0.019
815,,PROD,,Y0NSD_0016,,1,Feb,10478,,5.239
816,,PROD,,Y0NSD_0017,,1,Feb,3425,,1.7125
817,,PROD,,Y0NSD_0019,,1,Feb,5,,0.0025
818,,PROD,,Y0NSD_0029,,1,Feb,788,,0.394
819,,PROD,,Y0NSD_0030,,1,Feb,58,,0.029
820,,PROD,,Y0NSD_0032,,1,Feb,5,,0.0025
821,,PROD,,Y0NSD_0040,,1,Feb,221,,0.1105
822,,PROD,,Y0NSD_0041,,1,Feb,263969,,131.9845
823,,PROD,,Y0NSD_0047,,1,Feb,525,,0.2625
824,,PROD,,Y0NSD_0051,,1,Feb,15850,,7.925
825,,PROD,,Y0NSD_0055,,1,Feb,206,,0.103
826,,PROD,,Y0NSD_0060,,1,Feb,163,,0.0815
827,,PROD,,Y0NSD_0063,,1,Feb,67,,0.0335
828,,PROD,,Y0NSD_0065,,1,Feb,5415,,2.7075
829,,PROD,,Y0NSD_0066,,1,Feb,45,,0.0225
830,,PROD,,Y0NSD_0071,,1,Feb,1,,0.0005
831,,PROD,,Y0NSD_0072,,1,Feb,8154,,4.077
832,,PROD,,Y0NSD_0077,,1,Feb,13250,,6.625
833,,PROD,,Y0NSD_0079,,1,Feb,15,,0.0075
834,,PROD,,Y0NSD_0080,,1,Feb,36,,0.018
835,,PROD,,Y0NSD_0081,,1,Feb,36,,0.018
836,,PROD,,Y0NSD_0082,,1,Feb,1,,0.0005
837,,PROD,,Y0NSD_0085,,1,Feb,1,,0.0005
838,,PROD,,Y0NSD_0102,,1,Feb,5,,0.0025
839,,PROD,,Y0NSD_0203,,1,Feb,96715,,48.3575
840,,PROD,,Y0NSD_0216,,1,Feb,386,,0.193
841,,PROD,,Y0NSD_0220,,1,Feb,15,,0.0075
842,,PROD,,Y0NSD_0223,,1,Feb,719,,0.3595
843,,PROD,,Y0NSD_0229,,1,Feb,643,,0.3215
844,,PROD,,Y0NSD_0233,,1,Feb,4740,,2.37
845,,PROD,,Y0NSD_0234,,1,Feb,191,,0.0955
846,,PROD,,Y0NSD_0235,,1,Feb,9,,0.0045
847,,PROD,,Y0NSD_0236,,1,Feb,25,,0.0125
848,,PROD,,Y0NSD_SD70AV1A,,1,Feb,908,,0.454
849,,PROD,,Y0NSD_ZAB0001,,4,Feb,1990,,0.995
850,,PROD,,Y0NSD_ZAB0007,,7,Feb,27,,0.0135
851,,PROD,,Y0NSD_ZAB0008,,1,Feb,40,,0.02
852,,PROD,,Y0NSD_ZAB0201,,2,Feb,942,,0.471
853,,PROD,,Y0NSD_ZAB0202,,4,Feb,710286,,355.143
854,,PROD,,Y0NSD_ZAB0205,,1,Feb,248,,0.124
855,,PROD,,Y0NSD_ZAB0206,,1,Feb,74,,0.037
856,,PROD,,Y0NSD_ZAB0207,,1,Feb,85,,0.0425
857,,PROD,,Y0NSD_ZAD0036,,1,Feb,36,,0.018
858,,PROD,,Y0NSD_ZAO0001,,11,Feb,5472,,2.736
859,,PROD,,Y0NSD_ZAO0002,,5,Feb,1,,0.0005
860,,PROD,,Y0NSD_ZAO0005,,6,Feb,33140,,16.57
861,,PROD,,Y0NSD_ZAO0009,,44,Feb,27576,,13.788
862,,PROD,,Y0NSD_ZAO0011,,7,Feb,52838,,26.419
863,,PROD,,Y0NSD_ZAO0012,,1,Feb,35,,0.0175
864,,PROD,,Y0NSD_ZAO0020,,7,Feb,921,,0.4605
865,,PROD,,Y0NSD_ZAO0021,,22,Feb,3217,,1.6085
866,,PROD,,Y0NSD_ZAO0024,,9,Feb,938,,0.469
867,,PROD,,Y0NSD_ZAO0035,,4,Feb,5186,,2.593
868,,PROD,,Y0NSD_ZAO0203,,2,Feb,48,,0.024
869,,PROD,,Y0NSD_ZAR0002,,6,Feb,21,,0.0105
870,,PROD,,Y0NSD_ZAR0003,,6,Feb,40,,0.02
871,,PROD,,Y0NSD_ZAR0004,,12,Feb,51180,,25.59
872,,PROD,,Y0NSD_ZAR0013,,15,Feb,4624,,2.312
873,,PROD,,Y0NSD_ZAR0023,,5,Feb,7083,,3.5415
874,,PROD,,Y0NSD_ZAR0120,,12,Feb,12895,,6.4475
875,,PROD,,Y0NSD_ZAR0124,,1,Feb,1,,0.0005
876,,PROD,,Y0NSD_ZAR0203,,1,Feb,3461,,1.7305
877,,PROD,,Y0NSD_ZAR0204_1,,2,Feb,68686,,34.343
878,,PROD,,Y0NSD_ZAR0205,,1,Feb,20,,0.01
879,,PROD,,Y0NSD_ZAR0234,,1,Feb,263,,0.1315
880,,PROD,,Y0NSD_ZAS0002,,17,Feb,22765,,11.3825
881,,PROD,,Y0NSD_ZAS0003,,10,Feb,15859,,7.9295
882,,PROD,,Y0NVX_0000,,1,Feb,276,,0.138
883,,PROD,,Y0NVX_0006,,1,Feb,365,,0.1825
884,,PROD,,Y0NVX_0016,,1,Feb,1,,0.0005
885,,PROD,,Y0NVX_0018,,1,Feb,33252,,16.626
886,,PROD,,Y0NVX_0020,,1,Feb,9127,,4.5635
887,,PROD,,Y0NVX_0025,,1,Feb,22,,0.011
888,,PROD,,Y0NVX_0026,,1,Feb,3052,,1.526
889,,PROD,,Y0NVX_0028,,1,Feb,427,,0.2135
890,,PROD,,Y0NVX_0029,,1,Feb,81,,0.0405
891,,PROD,,Y0NVX_0045,,1,Feb,70,,0.035
892,,PROD,,Y0NVX_0055,,1,Feb,50,,0.025
893,,PROD,,Y0NVX_0064,,1,Feb,1077,,0.5385
894,,PROD,,Y0NVX_0068,,1,Feb,568,,0.284
895,,PROD,,Y0NVX_0069,,1,Feb,68018,,34.009
896,,PROD,,Y0NVX_0077,,1,Feb,3,,0.0015
897,,PROD,,Y0NVX_0081,,1,Feb,666,,0.333
898,,PROD,,Y0NVX_0082,,1,Feb,29,,0.0145
899,,PROD,,Y0NVX_0084,,1,Feb,13,,0.0065
900,,PROD,,Y0NVX_0090,,1,Feb,44,,0.022
901,,PROD,,Y0NVX_0091,,1,Feb,64,,0.032
902,,PROD,,Y0NVX_0093,,1,Feb,516,,0.258
903,,PROD,,Y0NVX_0096,,1,Feb,66,,0.033
904,,PROD,,Y0NVX_0099,,1,Feb,5517,,2.7585
905,,PROD,,Y0NVX_0110,,1,Feb,7,,0.0035
906,,PROD,,Y0NVX_0113,,1,Feb,5,,0.0025
907,,PROD,,Y0NVX_0136,,1,Feb,1,,0.0005
908,,PROD,,Y0NVX_IPPCR_CREATE,,2,Feb,677,,0.3385
909,,PROD,,Y0NVX_IPPCR_CREATE_PARALLEL,,1,Feb,4,,0.002
910,,PROD,,Y0NVX_KUL_STATUS,,1,Feb,188,,0.094
911,,PROD,,Y0NVX_LIL_STATUS,,1,Feb,31,,0.0155
912,,PROD,,Y0NVX_PDL_STATUS,,1,Feb,18,,0.009
913,,PROD,,Y0NVX_ZAR0016,,1,Feb,500,,0.25
914,,PROD,,Y0NVX_ZAR0049,,1,Feb,5,,0.0025
915,,PROD,,Y0NVX_ZAR0071,,21,Feb,1233,,0.6165
916,,PROD,,Y0NVX_ZAR0072,,1,Feb,105,,0.0525
917,,PROD,,Y0NVX_ZAR0073,,1,Feb,11,,0.0055
918,,PROD,,Y0NVX_ZAR0076,,3,Feb,256,,0.128
919,,PROD,,Y0NVX_ZAR0081,,1,Feb,5675,,2.8375
920,,PROD,,Y0NVX_ZAR0093,,2,Feb,18443,,9.2215
921,,PROD,,Y0NVX_ZAR0103,,1,Feb,3540,,1.77
922,,PROD,,Y0NVX_ZAR0135,,1,Feb,192,,0.096
923,,PROD,,Y0NVX_ZAR0137,,2,Feb,79,,0.0395
924,,PROD,,Y0NWM_0002,,1,Feb,2246,,1.123
925,,PROD,,Y0NWM_0003,,1,Feb,6154,,3.077
926,,PROD,,Y0NWM_0005,,1,Feb,34,,0.017
927,,PROD,,Y0NWM_0007,,1,Feb,161,,0.0805
928,,PROD,,Y0NWM_0009,,1,Feb,527,,0.2635
929,,PROD,,Y0NWM_0010,,1,Feb,3764,,1.882
930,,PROD,,Y0NWM_0011,,1,Feb,7936,,3.968
931,,PROD,,Y0NWM_0012,,1,Feb,222,,0.111
932,,PROD,,Y0NWM_0013,,1,Feb,498,,0.249
933,,PROD,,Y0NWM_0015,,1,Feb,97,,0.0485
934,,PROD,,Y0NWM_0016,,1,Feb,6,,0.003
935,,PROD,,Y0NWM_0018,,1,Feb,457,,0.2285
936,,PROD,,Y0NWM_0021,,1,Feb,113,,0.0565
937,,PROD,,Y0NWM_0022,,1,Feb,995,,0.4975
938,,PROD,,Y0NWM_0023,,1,Feb,2,,0.001
939,,PROD,,Y0NWM_0025,,1,Feb,4102,,2.051
940,,PROD,,Y0NWM_0028,,1,Feb,125,,0.0625
941,,PROD,,Y0NWM_0029,,1,Feb,2,,0.001
942,,PROD,,Y0NWM_0031,,1,Feb,649,,0.3245
943,,PROD,,Y0NWM_0033,,1,Feb,4,,0.002
944,,PROD,,Y0NWM_0035,,1,Feb,159,,0.0795
945,,PROD,,Y0NWM_0036,,1,Feb,31,,0.0155
946,,PROD,,Y0NWM_0038,,1,Feb,7391,,3.6955
947,,PROD,,Y0NWM_0039,,1,Feb,6,,0.003
948,,PROD,,Y0NWM_0041,,1,Feb,97,,0.0485
949,,PROD,,Y0NWM_0042,,1,Feb,668,,0.334
950,,PROD,,Y0NWM_0043,,1,Feb,12,,0.006
951,,PROD,,Y0NWM_0044,,1,Feb,24,,0.012
952,,PROD,,Y0NWM_0046,,1,Feb,1513,,0.7565
953,,PROD,,Y0NWM_0047,,1,Feb,1,,0.0005
954,,PROD,,Y0NWM_0048,,1,Feb,2,,0.001
955,,PROD,,Y0NWM_ZAR0013,,5,Feb,64,,0.032
956,,PROD,,Y0NWM_ZAR0021,,2,Feb,4021,,2.0105
957,,PROD,,Y0PRD_0001,,1,Feb,1,,0.0005
958,,PROD,,Y0PRD_0004,,1,Feb,4,,0.002
959,,PROD,,Z_USER_ROLE_TCODE,,1,Feb,339,,0.1695
960,,PROD,,Z_USER_ROLE_TCODE_N,,1,Feb,42,,0.021
961,,PROD,,Z_USER_TCODE,,1,Feb,6,,0.003
962,,PROD,,ZCLJOBMON_ALERT_EMAIL_ENH=====CP,,1,Feb,1,,0.0005
963,,PROD,,ZMNFI_0006,,1,Feb,14,,0.007
964,,PROD,,ZMNFI_0014,,1,Feb,316,,0.158
965,,PROD,,ZMNFI_0015,,1,Feb,1,,0.0005
966,,PROD,,ZMNMM_0006,,1,Feb,9,,0.0045
967,,PROD,,ZMNMM_0007,,1,Feb,13,,0.0065
968,,PROD,,ZMNMM_0008,,1,Feb,7,,0.0035
969,,PROD,,ZMNMM_0009,,1,Feb,42,,0.021
970,,PROD,,ZMNMM_ZAR0041,,1,Feb,490,,0.245
971,,PROD,,ZMNMM_ZAR0043,,1,Feb,18,,0.009
972,,PROD,,ZMNSD_0003,,1,Feb,177,,0.0885
973,,PROD,,ZMNSD_0004,,1,Feb,613,,0.3065
974,,PROD,,ZMNSD_0006,,1,Feb,27,,0.0135
975,,PROD,,ZMNSD_0008,,1,Feb,3,,0.0015
976,,PROD,,ZMNSD_0009,,1,Feb,1462,,0.731
977,,PROD,,ZMNSD_ZAR0007,,2,Feb,4273,,2.1365
978,,PROD,,ZPNFI_ZAB0001,,1,Feb,24,,0.012
979,,PROD,,ZRNFI_0002,,1,Feb,22,,0.011
980,,PROD,,ZRNFI_0006,,1,Feb,7,,0.0035
981,,PROD,,ZRNFI_0007,,1,Feb,1896,,0.948
982,,PROD,,ZRNFI_0010,,1,Feb,985,,0.4925
983,,PROD,,ZRNFI_0023,,1,Feb,48,,0.024
984,,PROD,,ZRNFI_0024,,1,Feb,6064,,3.032
985,,PROD,,ZRNFI_0026,,1,Feb,9,,0.0045
986,,PROD,,ZRNFI_0027,,1,Feb,76,,0.038
987,,PROD,,ZRNFI_0029,,1,Feb,1,,0.0005
988,,PROD,,ZRNFI_0030,,1,Feb,2,,0.001
989,,PROD,,ZRNFI_0031,,1,Feb,565,,0.2825
990,,PROD,,ZRNFI_0035,,1,Feb,1855,,0.9275
991,,PROD,,ZRNFI_ZAO0005,,1,Feb,2694,,1.347
992,,PROD,,ZRNFI_ZAO0008,,1,Feb,144,,0.072
993,,PROD,,ZRNFI_ZAO0009,,1,Feb,297,,0.1485
994,,PROD,,ZRNFI_ZAR0006,,2,Feb,177272,,88.636
995,,PROD,,ZRNMM_0001,,1,Feb,45,,0.0225
996,,PROD,,ZRNMM_0002,,1,Feb,413,,0.2065
997,,PROD,,ZRNMM_0003,,1,Feb,191,,0.0955
998,,PROD,,ZRNMM_0005,,1,Feb,69,,0.0345
999,,PROD,,ZRNMM_0006,,1,Feb,40,,0.02
1000,,PROD,,ZRNMM_0007,,1,Feb,29,,0.0145
1001,,PROD,,ZRNMM_0009,,1,Feb,202,,0.101
1002,,PROD,,ZRNMM_0012,,1,Feb,208,,0.104
1003,,PROD,,ZRNMM_0013,,1,Feb,2,,0.001
1004,,PROD,,ZRNMM_0014,,1,Feb,28,,0.014
1005,,PROD,,ZRNMM_0015,,1,Feb,159,,0.0795
1006,,PROD,,ZRNMM_ZAO0003,,2,Feb,25136,,12.568
1007,,PROD,,ZRNMM_ZAO0004,,3,Feb,73923,,36.9615
1008,,PROD,,ZRNMM_ZAO0005,,3,Feb,639,,0.3195
1009,,PROD,,ZRNMM_ZAO0006,,1,Feb,3,,0.0015
1010,,PROD,,ZRNSD_0002,,1,Feb,1,,0.0005
1011,,PROD,,ZRNSD_0006,,1,Feb,10030,,5.015
1012,,PROD,,ZRNSD_0007,,1,Feb,9,,0.0045
1013,,PROD,,ZRNSD_0008,,1,Feb,31,,0.0155
1014,,PROD,,ZRNSD_0009,,1,Feb,2599,,1.2995
1015,,PROD,,ZRNSD_0011,,1,Feb,350,,0.175
1016,,PROD,,ZRNSD_0012,,1,Feb,1,,0.0005
1017,,PROD,,ZRNSD_0013,,1,Feb,22643,,11.3215
1018,,PROD,,ZRNSD_0014,,1,Feb,3,,0.0015
1019,,PROD,,ZRNSD_0017,,1,Feb,13,,0.0065
1020,,PROD,,ZRNSD_0018,,1,Feb,479,,0.2395
1021,,PROD,,ZRNSD_0019,,1,Feb,28299,,14.1495
1022,,PROD,,ZRNSD_0025,,1,Feb,1,,0.0005
1023,,PROD,,ZRNSD_ZAB0001,,2,Feb,11,,0.0055
1024,,PROD,,ZRNSD_ZAO0001,,1,Feb,9,,0.0045
1025,,PROD,,ZRNSD_ZAO0003,,3,Feb,1454237,,727.1185
1026,,PROD,,ZRNSD_ZAO0004,,1,Feb,4,,0.002
1027,,PROD,,ZRNSD_ZAO0005,,1,Feb,975,,0.4875
1028,,PROD,,ZRNSD_ZAO0006,,4,Feb,149643,,74.8215
1029,,PROD,,ZRNSD_ZAR0008,,2,Feb,1677,,0.8385
1030,,PROD,,ZSGBMR_WBSPOSTING,,1,Feb,52,,0.026
1031,,PROD,,ZSNDS_0002,,1,Feb,11,,0.0055
1032,,PROD,,ZSNDS_0003,,1,Feb,21,,0.0105
1033,,PROD,,ZSNDS_0006,,1,Feb,1,,0.0005
1034,,PROD,,ZSNDS_0010,,1,Feb,507,,0.2535
1035,,PROD,,ZSNDS_0013,,1,Feb,3060,,1.53
1036,,PROD,,ZSNDS_0016,,1,Feb,12,,0.006
1037,,PROD,,ZSNDS_0023,,1,Feb,5,,0.0025
1038,,PROD,,ZSNDS_0026,,1,Feb,2,,0.001
1039,,PROD,,ZSNDS_0029,,1,Feb,22,,0.011
1040,,PROD,,ZSNDS_0030,,1,Feb,767,,0.3835
1041,,PROD,,ZSNDS_0032,,1,Feb,13,,0.0065
1042,,PROD,,ZSNDS_0041,,1,Feb,15,,0.0075
1043,,PROD,,ZSNDS_0043,,1,Feb,158,,0.079
1044,,PROD,,ZSNDS_ZAB0003,,1,Feb,3922,,1.961
1045,,PROD,,ZSNDS_ZAI0001,,1,Feb,94,,0.047
1046,,PROD,,ZSNDS_ZAO0001,,1,Feb,12,,0.006
1047,,PROD,,ZSNDS_ZAO0002,,1,Feb,137,,0.0685
1048,,PROD,,ZSNDS_ZAO0003,,1,Feb,969,,0.4845
1049,,PROD,,ZSNDS_ZAR0010,,3,Feb,1241,,0.6205
1050,,PROD,,ZSNDS_ZAR0015,,23,Feb,510,,0.255
1051,,PROD,,ZSNDS_ZAR0018,,3,Feb,1240,,0.62
1052,,PROD,,ZSNDS_ZAR0019,,2,Feb,30,,0.015
1053,,PROD,,ZSNDS_ZAR0020,,7,Feb,66,,0.033
1054,,PROD,,ZSNDS_ZAR0022,,3,Feb,5479,,2.7395
1055,,PROD,,ZSNDS_ZAR0023,,1,Feb,5,,0.0025
1056,,PROD,,ZSNDS_ZAR0048,,2,Feb,2,,0.001
1057,,PROD,,ZSNFI_0009,,1,Feb,1,,0.0005
1058,,PROD,,ZSNFI_0016,,1,Feb,5,,0.0025
1059,,PROD,,ZSNFI_0023,,1,Feb,35,,0.0175
1060,,PROD,,ZSNFI_0036,,1,Feb,113,,0.0565
1061,,PROD,,ZSNFI_0038,,1,Feb,74,,0.037
1062,,PROD,,ZSNFI_0047,,1,Feb,889,,0.4445
1063,,PROD,,ZSNFI_0050,,1,Feb,4900,,2.45
1064,,PROD,,ZSNFI_0052,,1,Feb,2,,0.001
1065,,PROD,,ZSNFI_0053,,1,Feb,628,,0.314
1066,,PROD,,ZSNFI_0055,,1,Feb,8,,0.004
1067,,PROD,,ZSNFI_0056,,1,Feb,3,,0.0015
1068,,PROD,,ZSNFI_0060,,1,Feb,502,,0.251
1069,,PROD,,ZSNFI_0061,,1,Feb,6662,,3.331
1070,,PROD,,ZSNFI_0062,,1,Feb,433,,0.2165
1071,,PROD,,ZSNFI_0063,,1,Feb,23,,0.0115
1072,,PROD,,ZSNFI_0064,,1,Feb,397,,0.1985
1073,,PROD,,ZSNFI_0065,,1,Feb,34,,0.017
1074,,PROD,,ZSNFI_0066,,1,Feb,135,,0.0675
1075,,PROD,,ZSNFI_0067,,1,Feb,77,,0.0385
1076,,PROD,,ZSNFI_0068,,1,Feb,1359,,0.6795
1077,,PROD,,ZSNFI_0074,,1,Feb,324,,0.162
1078,,PROD,,ZSNFI_0076,,1,Feb,5,,0.0025
1079,,PROD,,ZSNFI_0077,,1,Feb,29,,0.0145
1080,,PROD,,ZSNFI_0078,,1,Feb,107,,0.0535
1081,,PROD,,ZSNFI_0081,,1,Feb,1398,,0.699
1082,,PROD,,ZSNFI_0082,,1,Feb,7387,,3.6935
1083,,PROD,,ZSNFI_0083,,1,Feb,28,,0.014
1084,,PROD,,ZSNFI_0084,,1,Feb,816,,0.408
1085,,PROD,,ZSNFI_0086,,1,Feb,8,,0.004
1086,,PROD,,ZSNFI_0087,,1,Feb,95,,0.0475
1087,,PROD,,ZSNFI_0088,,1,Feb,12,,0.006
1088,,PROD,,ZSNFI_0089,,1,Feb,54,,0.027
1089,,PROD,,ZSNFI_0093,,1,Feb,909,,0.4545
1090,,PROD,,ZSNFI_0100,,1,Feb,302,,0.151
1091,,PROD,,ZSNFI_0101,,1,Feb,99,,0.0495
1092,,PROD,,ZSNFI_0102,,1,Feb,163,,0.0815
1093,,PROD,,ZSNFI_0104,,1,Feb,1221,,0.6105
1094,,PROD,,ZSNFI_0105,,1,Feb,190,,0.095
1095,,PROD,,ZSNFI_0106,,1,Feb,273,,0.1365
1096,,PROD,,ZSNFI_0107,,1,Feb,1819,,0.9095
1097,,PROD,,ZSNFI_0108,,1,Feb,1277,,0.6385
1098,,PROD,,ZSNFI_0111,,1,Feb,3934,,1.967
1099,,PROD,,ZSNFI_0112,,1,Feb,2875,,1.4375
1100,,PROD,,ZSNFI_0113,,1,Feb,719,,0.3595
1101,,PROD,,ZSNFI_0114,,1,Feb,1,,0.0005
1102,,PROD,,ZSNFI_0116,,1,Feb,384,,0.192
1103,,PROD,,ZSNFI_0117,,1,Feb,158,,0.079
1104,,PROD,,ZSNFI_0118,,1,Feb,129,,0.0645
1105,,PROD,,ZSNFI_0122,,1,Feb,380,,0.19
1106,,PROD,,ZSNFI_0123,,1,Feb,50,,0.025
1107,,PROD,,ZSNFI_0125,,1,Feb,45,,0.0225
1108,,PROD,,ZSNFI_0127,,1,Feb,79,,0.0395
1109,,PROD,,ZSNFI_0128,,1,Feb,1571,,0.7855
1110,,PROD,,ZSNFI_0129,,1,Feb,101,,0.0505
1111,,PROD,,ZSNFI_0130,,1,Feb,527,,0.2635
1112,,PROD,,ZSNFI_0133,,1,Feb,195,,0.0975
1113,,PROD,,ZSNFI_0134,,1,Feb,78,,0.039
1114,,PROD,,ZSNFI_0135,,1,Feb,215,,0.1075
1115,,PROD,,ZSNFI_0136,,1,Feb,30,,0.015
1116,,PROD,,ZSNFI_0201,,1,Feb,92,,0.046
1117,,PROD,,ZSNFI_0202,,1,Feb,7,,0.0035
1118,,PROD,,ZSNFI_ZAO0005,,3,Feb,197,,0.0985
1119,,PROD,,ZSNFI_ZAO0008,,6,Feb,5,,0.0025
1120,,PROD,,ZSNFI_ZAO0009,,1,Feb,1,,0.0005
1121,,PROD,,ZSNFI_ZAO0024,,1,Feb,2,,0.001
1122,,PROD,,ZSNFI_ZAO0025,,1,Feb,1,,0.0005
1123,,PROD,,ZSNFI_ZAO0026,,13,Feb,17703,,8.8515
1124,,PROD,,ZSNFI_ZAR0008,,1,Feb,1,,0.0005
1125,,PROD,,ZSNFI_ZAR0010,,15,Feb,6,,0.003
1126,,PROD,,ZSNFI_ZAR0023,,1,Feb,56,,0.028
1127,,PROD,,ZSNFI_ZAS0005,,207,Feb,141,,0.0705
1128,,PROD,,ZSNMM_0002,,1,Feb,425,,0.2125
1129,,PROD,,ZSNMM_0005,,1,Feb,5810,,2.905
1130,,PROD,,ZSNMM_0007,,1,Feb,2200,,1.1
1131,,PROD,,ZSNMM_0008,,1,Feb,2390,,1.195
1132,,PROD,,ZSNMM_0012,,1,Feb,260,,0.13
1133,,PROD,,ZSNMM_0016,,1,Feb,1,,0.0005
1134,,PROD,,ZSNMM_0017,,1,Feb,159,,0.0795
1135,,PROD,,ZSNMM_0018,,1,Feb,38,,0.019
1136,,PROD,,ZSNMM_0019,,1,Feb,463,,0.2315
1137,,PROD,,ZSNMM_0020,,1,Feb,2,,0.001
1138,,PROD,,ZSNMM_ZAR0015,,2,Feb,23379,,11.6895
1139,,PROD,,ZSNSD_0004,,1,Feb,2,,0.001
1140,,PROD,,ZSNSD_0006,,1,Feb,10,,0.005
1141,,PROD,,ZSNSD_0008,,1,Feb,18,,0.009
1142,,PROD,,ZSNSD_0012,,1,Feb,102,,0.051
1143,,PROD,,ZSNSD_ZAO0001,,1,Feb,1,,0.0005
1144,,PROD,,ZSNSD_ZAO0002,,15,Feb,1937,,0.9685
1145,,PROD,,ZSOD_V2,,1,Feb,43,,0.0215
1146,,PROD,,ZTNCO_0005,,1,Feb,23,,0.0115
1147,,PROD,,ZTNFI_0003,,1,Feb,2,,0.001
1148,,PROD,,ZTNFI_0004,,1,Feb,1,,0.0005
1149,,PROD,,ZTNFI_0005,,1,Feb,112,,0.056
1150,,PROD,,ZTNFI_0009,,1,Feb,31,,0.0155
1151,,PROD,,ZTNFI_0011,,1,Feb,109,,0.0545
1152,,PROD,,ZTNFI_0016,,1,Feb,1786,,0.893
1153,,PROD,,ZTNFI_0018,,1,Feb,276,,0.138
1154,,PROD,,ZTNFI_0019,,1,Feb,5,,0.0025
1155,,PROD,,ZTNFI_0020,,1,Feb,83,,0.0415
1156,,PROD,,ZTNFI_0021,,1,Feb,2,,0.001
1157,,PROD,,ZTNFI_0022,,1,Feb,125,,0.0625
1158,,PROD,,ZTNFI_0034,,1,Feb,2,,0.001
1159,,PROD,,ZTNFI_0041,,1,Feb,25,,0.0125
1160,,PROD,,ZTNFI_0042,,1,Feb,1,,0.0005
1161,,PROD,,ZTNFI_0050,,1,Feb,27,,0.0135
1162,,PROD,,ZTNFI_0051,,1,Feb,2,,0.001
1163,,PROD,,ZTNFI_0053,,1,Feb,684,,0.342
1164,,PROD,,ZTNFI_0054,,1,Feb,6826,,3.413
1165,,PROD,,ZTNFI_0071,,1,Feb,5,,0.0025
1166,,PROD,,ZTNFI_0072,,1,Feb,1,,0.0005
1167,,PROD,,ZTNFI_ZAN0001,,2,Feb,309,,0.1545
1168,,PROD,,ZTNFI_ZAO0006,,2,Feb,258,,0.129
1169,,PROD,,ZTNFI_ZAR0007,,1,Feb,1,,0.0005
1170,,PROD,,ZTNMM_0002,,1,Feb,8,,0.004
1171,,PROD,,ZTNMM_0003,,1,Feb,1,,0.0005
1172,,PROD,,ZTNMM_0004,,1,Feb,2,,0.001
1173,,PROD,,ZTNMM_0007,,1,Feb,362,,0.181
1174,,PROD,,ZTNMM_0009,,1,Feb,3386,,1.693
1175,,PROD,,ZTNMM_0010,,1,Feb,8509,,4.2545
1176,,PROD,,ZTNMM_0011,,1,Feb,1519,,0.7595
1177,,PROD,,ZTNMM_0015,,1,Feb,2,,0.001
1178,,PROD,,ZTNMM_0016,,1,Feb,18,,0.009
1179,,PROD,,ZTNMM_0031,,1,Feb,12331,,6.1655
1180,,PROD,,ZTNMM_0037,,1,Feb,30,,0.015
1181,,PROD,,ZTNMM_0038,,1,Feb,90,,0.045
1182,,PROD,,ZTNMM_0048,,1,Feb,641,,0.3205
1183,,PROD,,ZTNMM_0050,,1,Feb,16,,0.008
1184,,PROD,,ZTNMM_0051,,1,Feb,16,,0.008
1185,,PROD,,ZTNMM_0052,,1,Feb,423,,0.2115
1186,,PROD,,ZTNMM_0056,,1,Feb,128,,0.064
1187,,PROD,,ZTNMM_ZAE0001,,4,Feb,84492,,42.246
1188,,PROD,,ZTNMM_ZAN0002,,20,Feb,81,,0.0405
1189,,PROD,,ZTNMM_ZAO0001,,1,Feb,11,,0.0055
1190,,PROD,,ZTNMM_ZAO0010,,1,Feb,18,,0.009
1191,,PROD,,ZTNMM_ZAO0015,,1,Feb,1,,0.0005
1192,,PROD,,ZTNSD_0006,,1,Feb,2787,,1.3935
1193,,PROD,,ZTNSD_0014,,1,Feb,895,,0.4475
1194,,PROD,,ZTNSD_0017,,1,Feb,197,,0.0985
1195,,PROD,,ZTNSD_0019,,1,Feb,206,,0.103
1196,,PROD,,ZTNSD_0020,,1,Feb,6,,0.003
1197,,PROD,,ZTNSD_0021,,1,Feb,763,,0.3815
1198,,PROD,,ZTNSD_0022,,1,Feb,40000,,20
1199,,PROD,,ZTNSD_0023,,1,Feb,49492,,24.746
1200,,PROD,,ZTNSD_0037,,1,Feb,38,,0.019
1201,,PROD,,ZTNSD_0047,,1,Feb,324,,0.162
1202,,PROD,,ZTNSD_0049,,1,Feb,8,,0.004
1203,,PROD,,ZTNSD_0056,,1,Feb,1,,0.0005
1204,,PROD,,ZTNSD_0059,,1,Feb,9,,0.0045
1205,,PROD,,ZTNSD_0060,,1,Feb,1,,0.0005
1206,,PROD,,ZTNSD_ZAB0011,,91,Feb,80,,0.04
1207,,PROD,,ZTNSD_ZAE0006,,1,Feb,12587,,6.2935
1208,,PROD,,ZTNSD_ZAN0002,,1,Feb,2067,,1.0335
1209,,PROD,,ZTNSD_ZAO0001,,1,Feb,189,,0.0945
1210,,PROD,,ZTNSD_ZAO0002,,1,Feb,134,,0.067
1211,,PROD,,ZTNSD_ZAO0005,,1,Feb,5850,,2.925
1212,,PROD,,ZTNSD_ZAO0007,,1,Feb,1,,0.0005
1213,,PROD,,ZTNSD_ZAO0008,,1,Feb,70,,0.035
1214,,PROD,,ZTNSD_ZAO0009,,1,Feb,2393,,1.1965
1215,,PROD,,ZTNSD_ZAO0010,,1,Feb,903,,0.4515
1216,,PROD,,ZTNSD_ZAO0011,,1,Feb,1536,,0.768
1217,,PROD,,ZTNSD_ZAO0012,,1,Feb,7758,,3.879
1218,,PROD,,ZTNSD_ZAO0014,,1,Feb,124,,0.062
1219,,PROD,,ZTNSD_ZAO0015,,1,Feb,2,,0.001
1220,,PROD,,ZTNSD_ZAO0016,,1,Feb,78,,0.039
1221,,PROD,,ZTNSD_ZAO0018,,1,Feb,202,,0.101
1222,,PROD,,ZTNSD_ZAO0030,,1,Feb,64159,,32.0795
1223,,PROD,,ZTNSD_ZAR0054,,2,Feb,154,,0.077
1224,,PROD,,ZVNFI_0001,,1,Feb,228,,0.114
1225,,PROD,,ZVNFI_0002,,1,Feb,1,,0.0005
1226,,PROD,,ZVNFI_ZAB0001,,1,Feb,126,,0.063
1227,,PROD,,ZVNSD_0001,,1,Feb,6,,0.003
1228,,PROD,,ZVNSD_0004,,1,Feb,39,,0.0195
1229,,PROD,,ZWADATIS,,1,Feb,867,,0.4335
1230,,PROD,,,,,,,,0
